"AZAD JAMMU and KASHMIR",bagh,"Private Hospital","ALLIED HOSPITAL BAGH",BAGH,53
"AZAD JAMMU and KASHMIR",bagh,"Public Hospital","DISTRICT HEAD QUARTER BAGH",BAGH,250
"AZAD JAMMU and KASHMIR",bhimber,"Public Hospital","DISTRICT HEAD QUARTER BHIMBER","WARD NO 01, SAIRLA, BHIMBER CITY AZAD KASHMIR",145
"AZAD JAMMU and KASHMIR","hattian bala","Public Hospital","DISTRICT HEAD QUARTER HOSPITAL JHELUM VALLEY","HATTIAN BALA JHELUM VALLEY.",60
"AZAD JAMMU and KASHMIR",kotli,"Private Hospital","ALAM MEMORIAL HOSPITAL","NEAR GENERAL BUS STAND KOTLI A.K",51
"AZAD JAMMU and KASHMIR",kotli,"Private Hospital","ANWAR MEMORIAL HOSPITAL","NEAR P.O BOX OFFICE KOTLI A.K",48
"AZAD JAMMU and KASHMIR",kotli,"Public Hospital","DISTICT HEADQUARTER HOSPITAL","HOSPITAL GALI KOTLI A.K",256
"AZAD JAMMU and KASHMIR",kotli,"Private Hospital","Manzoor Hospital and Surgical Complex","Bipass Road Near Lari Adda Kotli AJK",40
"AZAD JAMMU and KASHMIR",kotli,"Private Hospital","YOUNIS MEDICAL CENTRE AND SURGICAL COMPLEX","HOSPITAL CHOWK KHUIRATTA (A.K)",59
"AZAD JAMMU and KASHMIR",mirpur,"Public Hospital","DISTRICT HEAD QUARTER TEACHING HOSPITAL MIRPUR",MIRPUR,370
"AZAD JAMMU and KASHMIR",mirpur,"Private Hospital","MOHI UD DIN TEACHING HOSPITAL","NEW INDUSTRIAL AREA, D-4, MIRPUR AJK",412
"AZAD JAMMU and KASHMIR",muzaffarabad,"Public Hospital","H.H SKBZ AK COMBINED MILITARY HOSPITAL MZD","CMH ROAD MUZAFFARABAD",250
"AZAD JAMMU and KASHMIR",muzaffarabad,"Private Hospital","KASHMIR SURGICAL AND GENERAL HOSPITAL","POLTRY FORM ROAD NEAR CMH MUZAFFARABAD",40
"AZAD JAMMU and KASHMIR",muzaffarabad,"Private Hospital","MEHRAJ SURGICAL CARE","Mehraj Surgical Care,",12
"AZAD JAMMU and KASHMIR",muzaffarabad,"Private Hospital","MUZAFFARABAD GENERAL HOSPITAL MUZAFFARABAD","CMH ROAD MUZAFFARABAD",45
"AZAD JAMMU and KASHMIR",muzaffarabad,"Private Hospital","PIMA AL HAJRI HOSPITAL","CMH Road, Opposite CMH Muzaffarabad,",63
"AZAD JAMMU and KASHMIR",neelum,"Public Hospital","DISTRICT HEAD QUARTER HOSPITAL NEELUM","DHQ HOSPITAL NEELUM VALLEY ROAD ATH MUQAM",80
"AZAD JAMMU and KASHMIR",poonch,"Public Hospital","H.H SKBZ AK COMBINED MILITARY HOSPITAL RAWALAKOT","CMH Road Rawalakot Poonch",411
"AZAD JAMMU and KASHMIR",sudhnoti,"Public Hospital","DISTRICT HEAD QUARTER PALLANDARI",SUDHNOTI,71
CAPITAL,islamabad,"Private Hospital","AKBER NIAZI TEACHING HOSPITAL","Dr. Akbar Niazi Teaching Hospital,",506
CAPITAL,islamabad,"Private Hospital","DR.SADAF SPECIALIZED HOSPITAL",ISLAMABAD,30
CAPITAL,islamabad,"Private Hospital","Global Health Services Pvt. Ltd. (QIH)","Quaid-e-Azam International Hospital Near Golra Moor Peshawar Road-Rawalpindi",209
CAPITAL,islamabad,"Private Hospital","HBS TRUST","MAIN LETHRAR ROAD, Naiabadi , Alipur FARASH, ISLAMABAD",407
CAPITAL,islamabad,"Private Hospital","ISRA ISLAMIC FOUNDATION G. LIMITED","Al-Nafees Medical College,",374
CAPITAL,islamabad,"Private Hospital","Islamabad Intl Hospital and Research Center","E-11/2, Main D-12 Double Road, Northern Strip FECHS, Islamabad",33
CAPITAL,islamabad,"Private Hospital","MAX HEALTH HOSPITAL","G-8 MARKAZ, 12 K ROAD, ISLAMABAD",54
CAPITAL,islamabad,"Private Hospital","MEDIKAY CARDIAC CENTER","PARK ROAD, CHAK SHAHZAD ISLAMABAD",50
CAPITAL,islamabad,"Public Hospital","NUCLEAR, MEDICINE, ONCOLOGY, RADIOLOGY INSTITUTE","G-8, Islamabad",110
CAPITAL,islamabad,"Public Hospital","PAKISTAN INSTITUTE OF MEDICAL SCIENCES","IBN E SINA ROAD, G-8/3",500
CAPITAL,islamabad,"Private Hospital","RAWAL FOUNDATION","MAIN LETHRAR ROAD KHANA DHAK RWP",500
CAPITAL,islamabad,"Private Hospital","RIPHAH INTERNATIONAL HOSPITAL","Opposite Gate 7 DHA Phase II, Sector K, Expressway, Islamabad",156
CAPITAL,islamabad,"Private Hospital","ZOBIA HOSPITAL","PLOT # 150, STREET # 30, G-9/1 I AND T CENTER ISLAMABA",23
FATAs,"bajaur agency","Public Hospital","DHQ Bajaur","Khar, Bajaury Agency",159
FATAs,"bajaur agency","Private Hospital","ITEFAQ MEDICAL COMPLEX TEMERGRAH","LOWER DIR",50
FATAs,"bajaur agency","Private Hospital","MADINA MEDICAL CENTER PVT LIMITED","OPPOSITE DHQ HOSPITAL KHAR BAJAUR",47
FATAs,"bajaur agency","Private Hospital","NOOR MEDICAL COMPLEX AND MATERNITY HOME","BAJAUR AGENCY",32
FATAs,"bajaur agency","Private Hospital","SHIFA SURGICAL COMPLEX","NEAR A.H.Q HOSPITAL BAJAUR AGENCY",46
FATAs,"khyber agency","Private Hospital","KHYBER GENERAL HOSPITAL","LANDI KOTAL ROAD OPPOSITE RAILWAY STATION KHYBER AGENCY",36
FATAs,"khyber agency","Public Hospital","PAKISTAN INST. OF PROSTHETIC AND ORTHOTIC SCIENC","PHASE 5, HAYATABAD",
FATAs,"mohmand agency","Public Hospital","DISTRICT HEAD QUARTER MOHMAND","GHALANAI MOHMAND AGENCY",110
"Gilgit Baltistan",baltistan,"Private Hospital","ABDULLAH HOSPITAL SKARDU","CLIFTON PUL ROAD",50
"Gilgit Baltistan",baltistan,"Private Hospital","BALTISTAN SURGICAL AND MEDICAL COMPLEX",Skardu,14
"Gilgit Baltistan",baltistan,"Public Hospital","DISTRICT HEAD QUARTER SKARDU",,179
"Gilgit Baltistan",diamir,"Public Hospital","DISTRICT HEAD QUARTER CHILAS","River view road, Gilgit. Ph. 05811-922371",106
"Gilgit Baltistan",ghizer,"Public Hospital","Agha Khan Comprehensive Health Center Singal Ghizer","Singal Ghizer",20
"Gilgit Baltistan",gilgit,"Private Hospital","Agha Khan Medical Center Gilgit","Nomal Gilgit Road, Chilmish Das Gilgit Baltistan",69
"Gilgit Baltistan",gilgit,"Public Hospital","CITY HOSPITAL GILGIT","City Hospital, Gilgit,",140
"Gilgit Baltistan",gilgit,"Public Hospital","Provincial Headquarter Hospital, Gilgit","Hospital Colony near governer house gilgit",200
"Gilgit Baltistan","hunza nagar","Private Hospital","Agha Khan Comprehensive Health Center Hunza","Aliabad Hunza Nagar",20
"Khyber Pakhtoonkhawa",abbottabad,"Public Hospital","ABBOTTABAD MEDICAL COMPLEX","P.O Public School Mansehra Road, Abbottabad",208
"Khyber Pakhtoonkhawa",abbottabad,"Private Hospital","ALLIED SPECIALIST HOSPITAL","Sarazay CNG, Ayub Medical Conplex, Abbottabad",28
"Khyber Pakhtoonkhawa",abbottabad,"Public Hospital","AYUB TEACHING HOSPITAL","Ayub Hospital, Abbottabad",1400
"Khyber Pakhtoonkhawa",abbottabad,"Public Hospital","BENAZEER BHUTTO SHAHEED HOSPITAL",,272
"Khyber Pakhtoonkhawa",abbottabad,"Private Hospital","CHINAR HOSPITAL AND DIALYSIS CENTER ABBOTTABAD","Mansehra road kalapul abbottabad",56
"Khyber Pakhtoonkhawa",abbottabad,"Private Hospital","HIRA GENERAL HOSPITAL PVT LTD ABBOTTABAD","Link Road, The Mall Abbottabad",35
"Khyber Pakhtoonkhawa",abbottabad,"Public Hospital","INOR (ATOMIC ENERGY CANCER HOSPITAL)",ABBOTABAD,54
"Khyber Pakhtoonkhawa",abbottabad,"Private Hospital","JINNAH INTERNATIONAL HOSPITAL ABBOTTABAD","Jinnah International Hospital, Nawan Shehr Town, Abbottabad, Khyber Pakhtunkhwa 22080",156
"Khyber Pakhtoonkhawa",abbottabad,"Private Hospital","PAKISTAN KIDNEY CENTER ABBOTTABAD","Muslimabad Shahra-e-rashan Opposite Abbottabad Motorway Interchange",42
"Khyber Pakhtoonkhawa",abbottabad,"Private Hospital","SHAHINA JAMIL TEACHING HOSPITAL ABBOTTABAD","P.O. Public School Road Abbottabad",127
"Khyber Pakhtoonkhawa",abbottabad,"Public Hospital","WOMEN AND CHILDREN HOSPITAL ABBATTABAD",Abbottabad,150
"Khyber Pakhtoonkhawa",bannu,"Private Hospital","AL FALAH SURGICAL CENTER",BANNU,14
"Khyber Pakhtoonkhawa",bannu,"Private Hospital","SHIFA MEDICAL AND SURGICAL CENTER BANNU",BANNU,24
"Khyber Pakhtoonkhawa",bannu,"Public Hospital","Women and Children Hospital Bannu",Bannu,200
"Khyber Pakhtoonkhawa",batagram,"Private Hospital","AL BADAR SURGICAL AND LAPROSCOPIC CENTER","AL BADAR SURGICAL AND LAPROSCOPIC CENTER BATAGRAM",31
"Khyber Pakhtoonkhawa",batagram,"Private Hospital","AL NOOR SPECIALIST HOSPITAL","Karakuram High Way, Near Habib Metro Bank, Doraha Battagram",34
"Khyber Pakhtoonkhawa",batagram,"Public Hospital","DISTRICT HEAD QUATER HOSPITAL BATAGRAME",BATAGRAME,119
"Khyber Pakhtoonkhawa",batagram,"Private Hospital","FAIZAN MEDICAL COMPLEX","NEAR SUB JAIL BATAGRAM",42
"Khyber Pakhtoonkhawa",batagram,"Private Hospital","IBN-E-CEENA GENERAL HOSPITAL",BATAGRAM,27
"Khyber Pakhtoonkhawa",batagram,"Private Hospital","RIZWAN GENERAL HOSPITAL","OPP:DHQ BATTAGRAM",30
"Khyber Pakhtoonkhawa",batagram,"Private Hospital","SHIFA GENERAL and SURGICAL HOSPITAL","battagram, battagram",17
"Khyber Pakhtoonkhawa",buner,"Private Hospital","BUNER MEDICAL CENTRE","OPPOSITE DHQ DAGAR BUNNER",72
"Khyber Pakhtoonkhawa",buner,"Private Hospital","BUNER MEDICAL COMPLEX","OPPOSITE DHQ DAGAR",37
"Khyber Pakhtoonkhawa",buner,"Public Hospital","DISTRICT HEAD QUATER HOSPITAL DAGAR BUNER","BUNER BAZAR",152
"Khyber Pakhtoonkhawa",charsadda,"Private Hospital","ABDAL MEDICAL COMPLEX",CHARSADA,21
"Khyber Pakhtoonkhawa",charsadda,"Private Hospital","ALKHIDMAT HOSPITAL CHARSADDA","Near Judiciary Complex Kulader Chowk Mardan Road Charsadda",47
"Khyber Pakhtoonkhawa",charsadda,"Public Hospital","DISTRICT HEAD QUATER HOSPITAL CHARSADDA","DISTRICT HEAD QUATER HOSPITAL CHARSADDA",111
"Khyber Pakhtoonkhawa",charsadda,"Private Hospital","QADAR GENERAL HOSPITAL",CHARSADDA,26
"Khyber Pakhtoonkhawa",charsadda,"Private Hospital","ZIA TEACHING HOSPITAL",CHARSADA,41
"Khyber Pakhtoonkhawa",chitral,"Private Hospital","BONI MEDICAL CENTRE CHITRAL","BONI UPPER CHITRAL",50
"Khyber Pakhtoonkhawa",chitral,"Public Hospital","DISTRICT HEAD QUATER HOSPITAL CHITRAL","MAIN BAZAR TEHSIL AND DISTRICT CHITRAL",200
"Khyber Pakhtoonkhawa",chitral,"Public Private Partnership","RULAR HEALTH CENTRE SHAGRAME","SHAGRAME UPPER CHITRAL",15
"Khyber Pakhtoonkhawa",chitral,"Private Hospital","SHIFA DIAGNOSTIC and GENERAL HOSPITAL","Old PIA Chowk Chitral",30
"Khyber Pakhtoonkhawa","d. i. khan","Private Hospital","AL FATEH MEDICAL CENTRE","D. I . KHAN.",34
"Khyber Pakhtoonkhawa","d. i. khan","Public Hospital","Atomic Energy Cancer Hospital (DINAR) D.I.Khan","RR8G+49F, Kotla Habib, Dera Ismail Khan, Khyber Pakhtunkhwa, Pakistan",76
"Khyber Pakhtoonkhawa","d. i. khan","Public Hospital","DISTRICT HEAD QUATER HOSPITAL","D.I.KHAN BAZAR",250
"Khyber Pakhtoonkhawa","d. i. khan","Private Hospital","MISBAH INTERNATIONAL HOSPITAL","DERA ISMAIL KHAN",56
"Khyber Pakhtoonkhawa","d. i. khan","Public Hospital","MUFTI MEHMOOD TEACHING HOSPITAL","D.I KHAN",100
"Khyber Pakhtoonkhawa",hangu,"Private Hospital","AL-SAYED MEDICAL AND SURGICAL CENTRE HANGU","AL-SAYED MEDICAL AND SURGICAL CENTRE HANGU BAZAAR",22
"Khyber Pakhtoonkhawa",hangu,"Private Hospital","HANGU MEDICAL COMPLEX",HANGU,36
"Khyber Pakhtoonkhawa",haripur,"Public Hospital","DISRTICT HEAD QUATER HOSPITAL HARIPUR",HARIPUR,200
"Khyber Pakhtoonkhawa",haripur,"Private Hospital","MEHAR GENERAL HOSPITAL AND MATERNITY HOME","MEHAR GENERAL HOSPITAL AND MATERNITY HOME HARIPUR",15
"Khyber Pakhtoonkhawa",haripur,"Private Hospital","TRAUMA CENTER DHQ Hospital","Darvesh, Harīpur, Haripur, Khyber Pakhtunkhwa",20
"Khyber Pakhtoonkhawa",karak,"Public Hospital","DISTRICT HEAD QUARTER KARAK",KARAK,210
"Khyber Pakhtoonkhawa",karak,"Private Hospital","KARAK MEDICAL CENTER",KARAK,35
"Khyber Pakhtoonkhawa",kohat,"Private Hospital","AL KHIDMAT NASEEM KHAN MEMORIAL HOSPITAL",KOHAT,39
"Khyber Pakhtoonkhawa",kohat,"Public Hospital","DISTRICT HEAD QUATER HOSPITAL KOHAT","KOHAT CITY",182
"Khyber Pakhtoonkhawa",kohat,"Public Hospital","LIAQAT MEMORIAL HOSPITAL KOHAT","KOHAT CITY",168
"Khyber Pakhtoonkhawa",kohat,"Private Hospital","SHAHIBZADA FAZAL REHMAN CHARITY HOSPITAL",KOHAT,22
"Khyber Pakhtoonkhawa",kohistan,"Private Hospital","Shifa Medical Complex Kohistan","Ranolai Colony Near Police Dubair Lower Kohsitan",22
"Khyber Pakhtoonkhawa","lakki marwat","Public Hospital","CITY HOSPITAL LAKKI MARWAT","OPPOSITE DC OFFICE",600
"Khyber Pakhtoonkhawa","lakki marwat","Public Hospital","DISTRICT HEAD QUATER LAKKI MARWAT","OPPOSITE DC OFFICE",100
"Khyber Pakhtoonkhawa","lakki marwat","Private Hospital","Marwat General Hospital","Lakki Marwat",20
"Khyber Pakhtoonkhawa","lower dir","Private Hospital","AL HABIB GENERAL HOSPITAL","Mayar jandool",19
"Khyber Pakhtoonkhawa","lower dir","Private Hospital","AL IMRAN SURGICAL HOSPITAL","Opposite DHQ hospital timergara district Lower Dir",44
"Khyber Pakhtoonkhawa","lower dir","Private Hospital","AL KHIDMAT HOSPITAL LOWER DIR","Zawal Baba Temer Gara",53
"Khyber Pakhtoonkhawa","lower dir","Private Hospital","CITY MEDICAL CENTER TIMERGARA","TIMERGARA, LOWERDIR",40
"Khyber Pakhtoonkhawa","lower dir","Private Hospital","MEDRECT INTERNATIONAL HOSPITAL","TIMERGARA DIR LOWER",46
"Khyber Pakhtoonkhawa","lower dir","Private Hospital","MUSARRAT SHOUKAT HOSPITAL","LOWR DIR",33
"Khyber Pakhtoonkhawa","lower dir","Private Hospital","SHAHID HUSSAIN ORTHOPAEDIC HOSPITAL","LOWER DIR",30
"Khyber Pakhtoonkhawa","lower dir","Private Hospital","TEACHING HOSPITAL TIMERGARA (DHQ )","TIMERGARA LOWER DIR",254
"Khyber Pakhtoonkhawa","lower dir","Private Hospital","WAHAB MEDICAL COMPLEX","Samar bagh road monda bazar",37
"Khyber Pakhtoonkhawa","malakand p area","Private Hospital","BAHADER AND ROZE PMNHP","MAIN ROAD OPP DHQ HOSPITAL BATKHELA MALAKAND",86
"Khyber Pakhtoonkhawa","malakand p area","Public Hospital","DISTRICT HEADQUATER BATKHELA","DHQ BATKHELA BAZAR",260
"Khyber Pakhtoonkhawa","malakand p area","Private Hospital","GUL MEDICAL CENTER","MAIN MALAKAND ROAD OPP AND NEAR THQ HOSPITAL",23
"Khyber Pakhtoonkhawa","malakand p area","Private Hospital","SIRAJ SHAHEED  HOSPITAL","OPP DHQ HOSPITAL MAIN MALAKAND ROAD BATKHELA",29
"Khyber Pakhtoonkhawa","malakand p area","Public Hospital","TEHSIL HEARD QUATER HOSPITAL DARGAI","THQ DARGAI BAZAR",100
"Khyber Pakhtoonkhawa","malakand p area","Private Hospital","WASEEM MEDICAL COMPLEX","Al Zahid Tower GT Road Batkhela",112
"Khyber Pakhtoonkhawa",mansehra,"Private Hospital","ALKHIDMAT YOUNAS KHATTAK MEMORIAL (MCHC)","VILLAGE KOTKAY, BALAKOT ROAD TEHSIL and DISTRICT MANSEHRA",10
"Khyber Pakhtoonkhawa",mansehra,"Public Hospital","KING ABDULLAH TEACHING HOSPITAL","MAIN BAZAR MANSEHRA",196
"Khyber Pakhtoonkhawa",mansehra,"Private Hospital","MEHBOOB INTERNATIONAL EYE HOSPITAL","Main Karakorum Highway, Gandhian",20
"Khyber Pakhtoonkhawa",mansehra,"Private Hospital","SHIFA SURGICAL CENTE","OPPOSITE KING ABDULLAH TEACHING HOSPITAL",56
"Khyber Pakhtoonkhawa",mardan,"Private Hospital","AHMED MEDICAL COMPLEX MARDAN","Pohan Colony, Near Tafheem Ul Quran Madrassa, Muqam, Main Malakand Road, Mardan",38
"Khyber Pakhtoonkhawa",mardan,"Private Hospital","AL SYED HOSPITAL",MARDAN,30
"Khyber Pakhtoonkhawa",mardan,"Private Hospital","ALKHIDMAT MASHAL MEDICAL COMPLEX","MAIN SAWABI ROAD BAGHICHA DHERI MARDAN",45
"Khyber Pakhtoonkhawa",mardan,"Private Hospital","BAIZAI SURGICAL CENTER","katlang bazar dist Mardan",15
"Khyber Pakhtoonkhawa",mardan,"Public Hospital","DISTRICT HEADQUATER HOSPITAL MARDAN","SHAMSI ROAD MARDAN",220
"Khyber Pakhtoonkhawa",mardan,"Private Hospital","DR SAJIDA ISLAM MATERNITY HOME","MAIN BAZAR TEHSIL TAKHT BHAI",40
"Khyber Pakhtoonkhawa",mardan,"Private Hospital","Dar ul Shifa Hospital Mardan","pohan colony, malakand road mardan",34
"Khyber Pakhtoonkhawa",mardan,"Private Hospital","JUNAID MEDICAL COMPLEX AND LAPROSCOPIC CENTER",Mardan,60
"Khyber Pakhtoonkhawa",mardan,"Private Hospital","KHYBER HOSPITAL MARDAN","Shamsi Road Mardan",52
"Khyber Pakhtoonkhawa",mardan,"Private Hospital","MARDAN MEDICAL CENTRE","SECTOR G SHIEKH MALTOON TOWN MARDAN",110
"Khyber Pakhtoonkhawa",mardan,"Public Hospital","MARDAN MEDICAL COMPLEX","MAIN NOWSHERA ROAD NEAR SHIEKH MALTOON TOWN",204
"Khyber Pakhtoonkhawa",mardan,"Private Hospital","QAZI MEDICAL CENTER","Qazi medical center main bazaar par hoti Mardan",25
"Khyber Pakhtoonkhawa",mardan,"Private Hospital","RASHID MEDICAL CENTRE","Lund khawar road main bazar katlang",29
"Khyber Pakhtoonkhawa",mardan,"Private Hospital","SHIEKH YASEEN HOSPITAL MARDAN","SHIEKH YASEEN HOSPITAL MARDAN",44
"Khyber Pakhtoonkhawa",nowshera,"Private Hospital","ASMA ARIF MATERNITY HOME",NOWSHERA,20
"Khyber Pakhtoonkhawa",nowshera,"Private Hospital","MUHAMMAD ISLAM SURGICAL",NOWSHERA,42
"Khyber Pakhtoonkhawa",nowshera,"Private Hospital","PRIME CARE HOSPITAL","GT Road Pabbi",26
"Khyber Pakhtoonkhawa",nowshera,"Public Hospital","QAZI HUSSAIN AHMAD TEACHING HOSPITAL",NOWSHERA,382
"Khyber Pakhtoonkhawa",nowshera,"Private Hospital","REHMAT MEDICAL CENTER NOWSHERA","DHQ HOSPITAL ROAD NOWSHERA KALAN",37
"Khyber Pakhtoonkhawa",nowshera,"Private Hospital","TAJ MEDICAL CENTRE","G.T. ROAD HAKIM ABAD NOWSHERA",26
"Khyber Pakhtoonkhawa",nowshera,"Private Hospital","ZAMAN MEDICAL CENTRE NOWSHERA",NOWSHERA,41
"Khyber Pakhtoonkhawa",peshawar,"Private Hospital","AFRIDI MEDICAL COMPLEX AND DIAGNOSTIC CENTER","UNIVERSITY ROAD TEHKAL STOP UNIVERSITY ROAD PESHAW",54
"Khyber Pakhtoonkhawa",peshawar,"Private Hospital","AL KHIDMAT HOSPITAL","NISHTAR ABAD",173
"Khyber Pakhtoonkhawa",peshawar,"Private Hospital","BURN AND PLASTIC SURGERY CENTER",PESHAWAR,120
"Khyber Pakhtoonkhawa",peshawar,"Private Hospital","FAUJI FOUNDATION HOSPITAL",PESHAWAR,26
"Khyber Pakhtoonkhawa",peshawar,"Public Hospital","HAYAT ABAD MEDICAL COMPLEX","HAYAT ABAD MEDICAL COMPLEX  PHASE 4 PESHAWAR",1071
"Khyber Pakhtoonkhawa",peshawar,"Private Hospital","INSTITUTE OF KIDNEY DISEASE",PESHAWAR,186
"Khyber Pakhtoonkhawa",peshawar,"Public Hospital","INSTITUTE OF RADIOTHERAPY AND NUCLEAR MEDICINE","JAMRUD ROAD PESHAWAR",80
"Khyber Pakhtoonkhawa",peshawar,"Private Hospital","IRFAN GENERAL HOSPITAL","CHARSADDA ROAD",120
"Khyber Pakhtoonkhawa",peshawar,"Private Hospital","JINNAH TEACHING HOSPITAL",PESHAWAR,270
"Khyber Pakhtoonkhawa",peshawar,"Public Hospital","KHYBER TEACHING HOSPITAL","UNIVERSITY ROAD NEAR SPEEN JUMAT",716
"Khyber Pakhtoonkhawa",peshawar,"Private Hospital","KUWAIT TEACHING HOSPITAL","UNIVERSITY ROAD PESHAWAR",258
"Khyber Pakhtoonkhawa",peshawar,"Public Hospital","LADY READING HOSPITAL",PESHAWAR,1548
"Khyber Pakhtoonkhawa",peshawar,"Private Hospital","MERCY TEACHING HOSPITAL",PESHAWAR,235
"Khyber Pakhtoonkhawa",peshawar,"Private Hospital","MMC GENERAL HOSPITAL","DALAZAK RING ROAD",135
"Khyber Pakhtoonkhawa",peshawar,"Private Hospital","MUHAMMAD TEACHING HOSPITAL PESHAWAR",PESHAWAR,430
"Khyber Pakhtoonkhawa",peshawar,"Private Hospital","Manzoor Hospital Peshawar",Peshawar,40
"Khyber Pakhtoonkhawa",peshawar,"Private Hospital","NASEER TEACHING HOSPITAL","NASAR BAGH ROAD",124
"Khyber Pakhtoonkhawa",peshawar,"Public Hospital","NASEER ULLAH BABAR MEMORIAL HOSPITAL","KOHAT ROAD",120
"Khyber Pakhtoonkhawa",peshawar,"Private Hospital","NORTHWEST GENERAL HOSPITAL","NORTHWEST GENERAL HOSPITAL HAYATABAD PESHAWAR",490
"Khyber Pakhtoonkhawa",peshawar,"Private Hospital","PAK MEDICAL CENTRE AND HOSPITAL","KHYBER BAZAR PESHAWAR",109
"Khyber Pakhtoonkhawa",peshawar,"Private Hospital","PESHAWAR INST OF MEDICAL SCIENCES - SSP",PESHAWAR,283
"Khyber Pakhtoonkhawa",peshawar,"Private Hospital","PRIME TEACHING HOSPITAL",PESHAWAR,120
"Khyber Pakhtoonkhawa",peshawar,"Public Hospital","Peshawar Institute of Cardiology",PESHAWAR,272
"Khyber Pakhtoonkhawa",peshawar,"Private Hospital","REHMAN MEDICAL INSTITUTE","5B Shaukat Khanum Rd  Phase 5 Hayatabad",515
"Khyber Pakhtoonkhawa",peshawar,"Private Hospital","ZIA MEDICAL COMPLEX","ZIARAT STOP BOARD BAZZAR PESHAWAR",56
"Khyber Pakhtoonkhawa",shangla,"Private Hospital","BESHAM MEDICAL COMPLEX","NEAR ATTOCK PETROL PUMP BESHAM",20
"Khyber Pakhtoonkhawa",shangla,"Public Hospital","DISTRICT HEAD QUATER HOSPITAL SHANGLA","ALAI SHANGLA",100
"Khyber Pakhtoonkhawa",shangla,"Private Hospital","HAAD NOOR SURGICAL","SHANGLA BESHAM",23
"Khyber Pakhtoonkhawa",shangla,"Private Hospital","PURAN MEDICAL COMPLEX PURAN","Nemkaly Aloch puran shangla",85
"Khyber Pakhtoonkhawa",shangla,"Private Hospital","SHANGLA MEDICAL COMPLEX","SHANGLA ALIPURI SHANGLA",27
"Khyber Pakhtoonkhawa",swabi,"Private Hospital","ALI MEDICAL AND SURGICAL CENTER","SHEWA ADDA SAWABI",36
"Khyber Pakhtoonkhawa",swabi,"Private Hospital","ALLIED SPECIALIST HOSPITAL SWABI",SWABI,18
"Khyber Pakhtoonkhawa",swabi,"Public Hospital","BACHA KHAN MEDICAL COMPLEX",SWABI,1200
"Khyber Pakhtoonkhawa",swabi,"Private Hospital","CEENA MEDICAL CENTRE","KARNAL SHER KALLI MARDAN ROAD,JRANDO NIHAR SWABI",30
"Khyber Pakhtoonkhawa",swabi,"Private Hospital","CITY POLY CLINIC MEDICAL AND SURGICAL CENTRE","BASMENT MEEZAN BANK MARDAN ROAD SWABI",25
"Khyber Pakhtoonkhawa",swabi,"Public Hospital","DISTRICT HEAD QUATER HOSPITAL SWABI",SWABI,69
"Khyber Pakhtoonkhawa",swabi,"Private Hospital","JAMAL MEDICAL CENTRE",SWABI,38
"Khyber Pakhtoonkhawa",swabi,"Private Hospital","KHYBER MEDICAL CENTER SHAHMANSOOR SWABI","Near Bacha Medical Complex, opposite to judicial complex Shahmansoor, Swabi",30
"Khyber Pakhtoonkhawa",swabi,"Private Hospital","MARWA MEDICAL COMPLEX",SWABI,37
"Khyber Pakhtoonkhawa",swabi,"Private Hospital","ROYAL MEDICAL COMPLEX","ROYAL MEDICAL COMPLEX TOPI SAWABI",23
"Khyber Pakhtoonkhawa",swabi,"Private Hospital","SARDAR KHAN MOMORIAL HOSPITAL","OPPOSITE DHQ HOSPITAL SWABI",29
"Khyber Pakhtoonkhawa",swabi,"Private Hospital","SHAMS HOSPITAL","Mardan swabi road shewa adda near Peshawar/Rawalpindi vehicle stop",30
"Khyber Pakhtoonkhawa",swabi,"Public Hospital","TYPE D HOSPITAL KALU KHAN","KALU KHAN",31
"Khyber Pakhtoonkhawa",swat,"Private Hospital","ALAM MEDICAL COMPLEX","Opposite WAPDA Office Gaiman Road Khwazakhela",19
"Khyber Pakhtoonkhawa",swat,"Private Hospital","ANWAR HOSPITAL SWAT","ALLAH CHOWK, OPP. SWAT SARENA HOTEL, SAIDU SHARIF",120
"Khyber Pakhtoonkhawa",swat,"Private Hospital","HASSAN MEDICAL COMPLEX","Tehsil kabal chowk ,District swat kpk",53
"Khyber Pakhtoonkhawa",swat,"Private Hospital","ISMAIL MEDICAL","MATTA SWAT",62
"Khyber Pakhtoonkhawa",swat,"Private Hospital","JALIL INTERNATIONAL HOSPITAL","GT road Rahimabad mingora swat",52
"Khyber Pakhtoonkhawa",swat,"Private Hospital","KINGS INTERNATIONAL HOSPITAL","Opposite PIA office Faizabad road Saidu Sharif",61
"Khyber Pakhtoonkhawa",swat,"Private Hospital","ROSHAN SPECIALIZED HOSPITAL","Near Central Hospital Saidu Sharif Swat",60
"Khyber Pakhtoonkhawa",swat,"Private Hospital","ROYAL IMPERIAL HOSPITAL",SWAT,26
"Khyber Pakhtoonkhawa",swat,"Public Hospital","SAIDU TEACHING HOSPITAL","SAIDU SHARIF SWAT",1240
"Khyber Pakhtoonkhawa",swat,"Public Hospital","SAIDU TRAUMA HOSPITAL","MAINGORA SWAT",1240
"Khyber Pakhtoonkhawa",swat,"Private Hospital","SHAH MEDICAL CENTER SAIDU SHARIF","Saidu road opposite central hospital swat",57
"Khyber Pakhtoonkhawa",swat,"Private Hospital","SIKANDAR MEDICAL","MATTA SWAT",54
"Khyber Pakhtoonkhawa",swat,"Public Hospital","SWAT INSTITUTE OF NUCLEAR MEDICINE, ONCOLOGY and","P.O. BOX SAIDU SHARIF, SWAT",100
"Khyber Pakhtoonkhawa",swat,"Private Hospital","SWAT MEDICAL COMPLEX",SWAT,250
"Khyber Pakhtoonkhawa",swat,"Private Hospital","UPPER SWAT GENERAL HOSPITAL","Near Govt THQ Hospital khwaza khela",42
"Khyber Pakhtoonkhawa",tank,"Public Hospital","DISTRICT HEAD QUARTER HOSPITAL TANK","DISTRICT HEAD QUARTER HOSPITAL TANK",60
"Khyber Pakhtoonkhawa","upper dir","Private Hospital","IKHLAS MEDICAL CENTER","opposite to Education office,Tehsil and P/O Dir,District Dir Upper",25
PUNJAB,attock,"Private Hospital","AMEER ABDULLAH MEMORIAL HOSPITAL HAZRO","Circular Road, Hazro (Attock), Ph. No. 057-2311197",53
PUNJAB,attock,"Private Hospital","IYB District Hospital Attock","IYB District Hospital District Attock",211
PUNJAB,attock,"Private Hospital","MEDI CARE HOSPITAL","Kamra Road, Attock",33
PUNJAB,attock,"Private Hospital","PAKISTAN OIL FIELD LIMITED HOSPITAL","KHAUR DISTRICT ATTOCK.",39
PUNJAB,attock,"Private Hospital","SHOAIB HOSPITAL","KAMRA ROAD, ATTOCK",13
PUNJAB,attock,"Public Hospital","Tehsil Headquarter Hospital Hazro, Hazro, Attock","Tehsil Headquarter Hospital Hazro, Hazro, Attock",100
PUNJAB,attock,"Public Hospital","Tehsil Headquarter Hospital, Fateh Jang, Attock","Tehsil Headquarter Hospital, Fateh Jang, Attock",40
PUNJAB,attock,"Public Hospital","Tehsil Headquarter Hospital, Hassanabdal, Attock","Tehsil Headquarter Hospital, Hassanabdal, Attock",40
PUNJAB,attock,"Public Hospital","Tehsil Headquarter Hospital, Jand, Attock","Tehsil Headquarter Hospital, Jand, Attock",40
PUNJAB,attock,"Public Hospital","Tehsil Headquarter Hospital, Pindi Gheb, Attock","Tehsil Headquarter Hospital, Pindi Gheb, Attock",100
PUNJAB,attock,"Private Hospital","WAJAHAT SURGICAL HOSPITAL","OPP. OFFICER COLONY LANE 2, KAMRA ROAD, ATTOCK",20
PUNJAB,attock,"Private Hospital","Well Care international Attock","Well Care international District Pindi Ghaiv, Attock",40
PUNJAB,bahawalnagar,"Private Hospital","AL SHIFA GENERAL AND EYE HOSPITAL","FORT ABBAS BAHAWALNAGAR",23
PUNJAB,bahawalnagar,"Private Hospital","AL-HAQ EYE, MATERNITY and GENERAL HSOPITAL","BANGLA ROAD, HAROONABAD, BAHAWALNAGAR",37
PUNJAB,bahawalnagar,"Private Hospital","ARIF HOSPITAL BAHAWALNAGAR","DC Office Road, Bahawalnagar",14
PUNJAB,bahawalnagar,"Private Hospital","JATALA HOSPITAL","13/G ROAD, CHistiyan Road, Bahawalnagar",5
PUNJAB,bahawalnagar,"Private Hospital","MUSHTAQ SURGICAL HOSPITAL","CHISTIAN , BAHAWALNAGAR",15
PUNJAB,bahawalnagar,"Private Hospital","Singapore Orthopaedic Specialist Hospital","Dahranwala Mor, Hasilpur Road, Chistian",27
PUNJAB,bahawalpur,"Private Hospital","AL NOOR EYE CLINIC","NEAR CIVIL HOSPITAL AHMED PUR EAST BAHAWALPUR",10
PUNJAB,bahawalpur,"Private Hospital","AL REHMAN MEDICAL CENTRE","BAHAWALPUR CITY",27
PUNJAB,bahawalpur,"Private Hospital","AL-REHMAN MEDICAL YAZMAN","YAZMAN BAHAWALPUR",35
PUNJAB,bahawalpur,"Private Hospital","AL-SHIFA CLINIC","AHMEDPUR EAST BAHAWALPUR",18
PUNJAB,bahawalpur,"Public Hospital","Bahawalpur Institute of Nuclear Oncology","Noor Mahal Road، Muhammadi Colony, Bahawalpur, Punjab 63100",100
PUNJAB,bahawalpur,"Private Hospital","Khan Surgical Hospital Bahawalpur","Model Town-C Road, Near Green Market, Bahawalpur",21
PUNJAB,bahawalpur,"Private Hospital","LASER EYE HOSPITAL","AIRPORT ROAD, OPPOSITE LAST GATE CANTT, BAHAWALPUR",5
PUNJAB,bahawalpur,"Private Hospital","MILLAT SURGICAL HOSPITAL AND MATERNITY HOME","KHERPUR TAMEWALI BAHAWALPUR",26
PUNJAB,bahawalpur,"Private Hospital","SHAAFI SURGICAL HOSPITAL AND MATERNITY HOME",BAHAWALPUR,30
PUNJAB,bahawalpur,"Private Hospital","THE DOCTORS HOSPITAL","2-A, BLOCK Y, MODEL TOWN C BAHAWALPUR",23
PUNJAB,bahawalpur,"Public Hospital","THQ Hasilpur","THQ Hospital Hasilpur, district bahawal pur",104
PUNJAB,bahawalpur,"Public Hospital","THQ Yazman","THQ Hospital Yazman, district bahawal pur",64
PUNJAB,bhakkar,"Private Hospital","AL HADI MEDICAL COMPLEX","BAHAL ROAD BHAKKAR",94
PUNJAB,bhakkar,"Private Hospital","AZHAR MEHBOOB MEMORIAL HOSPITAL",BHAKKAR,103
PUNJAB,bhakkar,"Private Hospital","BRIG SHAFIQUE TRUST HOSPITAL","DARYA KHAN ROAD BHAKKAR",120
PUNJAB,bhakkar,"Private Hospital","SIDDIQUE MEDICAL COMPLEX",BHAKKAR,80
PUNJAB,chakwal,"Private Hospital","ABDULLAH AMEER HOSPITAL","MIANWALI ROAD TALAGANG",40
PUNJAB,chakwal,"Private Hospital","AL MUMTAZ HOSPITAL","MIANWALI ROAD TALAGANG",40
PUNJAB,chakwal,"Private Hospital","BEGUM NOOR MEMORIAL HOSPITAL","BNM HOSPITAL, BHUBBAR (JHELM ROAD) CHAKWAL",57
PUNJAB,chakwal,"Public Hospital","DISTRICT HEADQUARTER, Chakwal","DISTRICT HEADQUARTER, Chakwal",205
PUNJAB,chakwal,"Public Hospital","Government City Hospital, Talagang, Chakwal","Government City Hospital, Talagang, Chakwal",50
PUNJAB,chakwal,"Public Hospital","TEHSIL HEAD QUARTER Talagang chakwal","Tehsil Hospital Rd, Talagang City, Talagang, Punjab",100
PUNJAB,chakwal,"Public Hospital","Tehsil Headquarter Hospital, Choa Saidan Shah, Chakwal","Tehsil Headquarter Hospital, Choa Saidan Shah, Chakwal",40
PUNJAB,chakwal,"Public Hospital","Trauma Center-Tehsil Headquarter Hospital , Kallar Kahar","Trauma Center-Tehsil Headquarter Hospital , Kallar Kahar, Chakwal",30
PUNJAB,chiniot,"Private Hospital","Ali Hospital Chiniot","Tipu Sultan road, Chiniot",20
PUNJAB,chiniot,"Private Hospital","HARRAL MEDICAL COMPLEX","RAJOUYA CHOWK, JHANG ROAD, CHINIOT",25
PUNJAB,chiniot,"Private Hospital","ISLAMIA HOSPITAL","ISLAMIA HOSPITAL NOGHAZA ROAD CHINIOT",94
PUNJAB,chiniot,"Private Hospital","MAJEEDA MEMORIAL HOSPITAL","6-Km Link Motorway Road, Chiniot",21
PUNJAB,chiniot,"Private Hospital","YASEEN HOSPITAL AND UROLOGY CENTRE","THANA ROAD, LALLYAN, CHINIOT",15
PUNJAB,"dera ghazi khan","Private Hospital","AL SHIFA SURGICAL HOSPITAL DG KHAN","BLOCK B NEAR BANK ISLAMI JAMPUR ROAD DG KHAN",25
PUNJAB,"dera ghazi khan","Private Hospital","ALFALAH HOSPITAL","Alfalah Hospital Vahova Road Tunsa Sharif",34
PUNJAB,"dera ghazi khan","Public Hospital","ALLIED SURGICAL HOSPITAL","D.G KHAN",39
PUNJAB,"dera ghazi khan","Private Hospital","AZEEM SURGICAL HOSPITAL","D.G KHAN",38
PUNJAB,"dera ghazi khan","Private Hospital","Buzdar General Hospital","Jampur Road near microwave tower DG Khan",21
PUNJAB,"dera ghazi khan","Private Hospital","D.G EYE AND GENERAL HOSPITAL","D.G KHAN",18
PUNJAB,"dera ghazi khan","Public Hospital","District Head Quarter Teaching Hospital Dera Ghazi Khan","Hospital Chowk Jampur Road Dera Ghazi Khan",1209
PUNJAB,"dera ghazi khan","Public Hospital","Doctors Hospital","Block-18, Fareedabad Colony Jamp Road, DG Khan",70
PUNJAB,"dera ghazi khan","Private Hospital","GHAZI HOSPITAL","OPP EMERGENCY AND TRAUMA CENTER, BALKH SARWAR CITY I",38
PUNJAB,"dera ghazi khan","Private Hospital","GHAZI NATIONAL HOSPITAL","Sameena Chowk, Near HBL, Multan Road, DG Khan",228
PUNJAB,"dera ghazi khan","Private Hospital","Jinnah Surgical Complex","Jhok Road Kot Chutta",20
PUNJAB,"dera ghazi khan","Private Hospital","KULACHI MEDICAL COMPLEX","TAUNSA SHARIF D.G KHAN",32
PUNJAB,"dera ghazi khan","Private Hospital","Nishtar Medical and Surgical Care","Choti zareen Tehsil Kotli chatla D.G. Khan",29
PUNJAB,"dera ghazi khan","Private Hospital","SURGI CARE HOSPITAL","D.G KHAN",38
PUNJAB,"dera ghazi khan","Public Hospital","Tehsil Head Quarter Hospital Taunsa","THQ Hospital Taunsa, Vahova Road, Chowk Hashim Taunsa Sharif district Dera Ghazi Khan",121
PUNJAB,"dera ghazi khan","Public Hospital","Tehsil Head Quarter Kot Chutta","THQ Hospital, Rajanpur Road, Kot Chutta City, district Dera Ghazi Khan",22
PUNJAB,faisalabad,"Private Hospital","ABU BAKAR CLINIC","Housing Colony no.2, City Samundri, Faisalabad",8
PUNJAB,faisalabad,"Private Hospital","ABWA HOSPITAL AND RESEARCH CENTER","ABWA HOSPITAL AND RESEARCH CENTER FAISALABAD",645
PUNJAB,faisalabad,"Private Hospital","ASLAM MEMORIAL ZAKRIA HOSPITAL","TAANDLIANWALA FAISALABAD",16
PUNJAB,faisalabad,"Public Hospital","FAISALABAD INSTITUTE OF CARDIOLOGY","NEW CIVIL LINES SARGODHA ROAD FAISALABAD",150
PUNJAB,faisalabad,"Public Hospital","FAISALABAD INTERNATIONAL HOSPITAL","204 - GULSHAN E IQBAL EAST CANAL ROAD, GUTWALA, FAISALABAD.",100
PUNJAB,faisalabad,"Private Hospital","FAZAL ELAHI CHATHA 2 HOSPITAL FAISALABAD","Faisalabad Road, Jaranwala, Faisalabad",40
PUNJAB,faisalabad,"Private Hospital","FAZAL ELLAHI CHATTA HOSPITAL","JARANWALA FAISALABAD",22
PUNJAB,faisalabad,"Private Hospital","Independent University Hospital","Narwala Road, Marzipura, Faisalabad",400
PUNJAB,faisalabad,"Private Hospital","KHAIR UN NISA HOSPITAL","FAISALABAD ROAD, JARANWALA, FAISALABAD",35
PUNJAB,faisalabad,"Private Hospital","MADINA TEACHING HOSPITAL","SARGODHA ROAD, FAISALABAD",600
PUNJAB,faisalabad,"Private Hospital","MAQSOODA ZIA HOSPITAL","P-53 Near Allied Opposite Cresent Textile Mill Sargodha Road",22
PUNJAB,faisalabad,"Private Hospital","MIAN MUHAMMAD TRUST HOSPITAL","126-C NEAR GENERAL BUS STAND FAISALABAD",194
PUNJAB,faisalabad,"Private Hospital","MUJAHID HOSPITAL FAISALABAD","103 Z ROAD MADINA TOWN FAISALABAD",98
PUNJAB,faisalabad,"Private Hospital","PINUM HOSPITAL",FAISALABAD,20
PUNJAB,faisalabad,"Private Hospital","RATHORE HOSPITAL","RATHORE BUILDING, LASANI PULI, SARGODHA ROAD, FAI",50
PUNJAB,faisalabad,"Private Hospital","SUGHRAN SIDDIQUE HOSPITAL","OKARA BYE PASS SAMANDRI FAISALABAD",32
PUNJAB,gujranwala,"Private Hospital","ABDULLAH MEDICAL COMPLEX","NOWSHERA VIRKAN, GUJRANWALA",53
PUNJAB,gujranwala,"Private Hospital","BUTT EYE HOSPITAL","NEAR DOUBLE PHATTAK WAZIRABAD, GUJRANWALA",7
PUNJAB,gujranwala,"Private Hospital","FATIMA BASHIR HOSPITAL","GT ROAD GHAKKAR",29
PUNJAB,gujranwala,"Private Hospital","IQRA MEDICAL COMPLEX","IQRA MEDICAL COMPLEX WAZIRABAD DISTRICT GUJRANWALA",17
PUNJAB,gujranwala,"Private Hospital","MUHAMMAD ISLAM TEACHING HOSPITAL","2-KM G.T. RD. TOLL PLAZA DEEWAN ROAD, GUJRANWALA	",136
PUNJAB,gujranwala,"Private Hospital","Rathore Institute of Eye and Medical Complex","Main G.T Road Qila Chand Gujranwala",31
PUNJAB,gujranwala,"Private Hospital","Salamat Hospital and Health Care Center","126-D, Satellite Town Dastagir Road Gujranwala",30
PUNJAB,gujranwala,"Private Hospital","WAZIRABAD INSTITUTE OF CARDIOLOGY","G.T ROAD MULANA ZAFAR ALI KHAN CHOWK WAZIRABAD GUJRANWALA",50
PUNJAB,gujrat,"Private Hospital","CITY HOSPITAL GUJRAT","JAIL CHOWK GUJRAT",15
PUNJAB,gujrat,"Private Hospital","DOCTORS HOSPITAL GUJRAT","JAIL ROAD GUJRAT",94
PUNJAB,gujrat,"Private Hospital","MUZAMMIL EYE CARE","OPPOSITE WAPDA GRID STADIUM ROAD, GUJRAT",6
PUNJAB,gujrat,"Private Hospital","SHIFA HOSPITAL GUJRAT","JAIL CHOWK",34
PUNJAB,gujrat,"Private Hospital","SUBHAN HOSPITAL GUJRAT","DINGA ROAD, KHARIAN GUJRAT",12
PUNJAB,gujrat,"Private Hospital","TALAT HOSPITAL","BHIMBER ROAD, NEAR AZIZ BHATTI SHAHEED HOSPITAL GUJRAT",52
PUNJAB,hafizabad,"Private Hospital","Kamran Surgical and Gynae Hospital","Gujranwala Road, Hafizabad",33
PUNJAB,hafizabad,"Private Hospital","SAQIB BASHEER GENERAL HOSPITAL",HAFIZABAD,38
PUNJAB,hafizabad,"Private Hospital","ZAM ZAM HOSPITAL","MANGAT ROAD BYPASS",37
PUNJAB,jhang,"Private Hospital","HALEEMA SURGICAL HOSPITAL","JHANG ROAD SHORKOT CITY JHANG",30
PUNJAB,jhang,"Private Hospital","HAQ BAHU GENERAL CLINIC","GARH MOR, AHMED PUR SIAL, JHANG",20
PUNJAB,jhang,"Private Hospital","NIGHAT MEDICAL COMPLEX","SAMAN ABAD JHANG SADDAR",22
PUNJAB,jhang,"Private Hospital","RANA JAMIL MEMORIAL HOSPITAL","GARH MORE AHMAD PUR SIAL JHANG",26
PUNJAB,jhang,"Private Hospital","SAEED MEDICAL COMPLEX and ANZALINA KIDNEY CARE","GOJRA ROAD, JHANG",29
PUNJAB,jhang,"Private Hospital","SHAHEEN INFERTILITY and GENERAL HOSPITAL","KOTHI SAFDAR BHATTI NAJAF ABAD AHMAD PUR SIAL",36
PUNJAB,jhang,"Private Hospital","SHIFA HOSPITAL JHANG","SST ROAD CIVIL LINE JHANG",42
PUNJAB,jhang,"Private Hospital","Shahabal Polyclinic","GOJRA ROAD, JHANG",15
PUNJAB,jhelum,"Private Hospital","AFZAL HOSPITAL","MACHINE MOHALLA NO 3 JHELUM",40
PUNJAB,jhelum,"Private Hospital","CAPT MOAZZAM ALI SHAHEED HOSPITAL","AZEEM ROAD, KAALA GUJRAN, JHELUM",49
PUNJAB,jhelum,"Public Hospital","DISTRICT HEAD QUARTER  Jhelum","DISTRICT HEAD QUARTER  Jhelum",258
PUNJAB,jhelum,"Private Hospital","JHELUM CARDIAC CENTER",JHELUM,60
PUNJAB,jhelum,"Private Hospital","Sarmad Hospital","Near Muhammadi Chowck Jhelum",39
PUNJAB,jhelum,"Public Hospital","Tehsil Headquarter Hospital, Pind Dadan Khan, Jhelum","Tehsil Headquarter Hospital, Pind Dadan Khan, Jhelum",68
PUNJAB,jhelum,"Public Hospital","Tehsil Headquarter Hospital, Sohawa, Jhelum","Tehsil Headquarter Hospital, Sohawa, Jhelum",40
PUNJAB,kasur,"Private Hospital","BHATTI INTERNATIONAL HOSPITAL","2-KM, ROUND ROAD KASUR",350
PUNJAB,kasur,"Public Hospital","Balqees Hospital","Ali Park opposite Officer Colony, Kasur",60
PUNJAB,kasur,"Private Hospital","Barkat Hospital","Nai Mandi Chuchak Road Habibabad, Pattoki, Kasur",28
PUNJAB,kasur,"Private Hospital","Bashir Eye Clinic","Faisal Colony, Ghalla Mandi, Patoki, Kasur",5
PUNJAB,kasur,"Public Hospital","District Headquarter Hospital	Steel Bagh Chowk, Kasur","Steel Bagh Chowk, Kasur",330
PUNJAB,kasur,"Public Hospital","District Headquarter Hospital kasur","Steel Bagh Chowk, Kasur",284
PUNJAB,kasur,"Private Hospital","Doctor's Poly Clinic","Street#1 Fazal Khan Colony Bhatta Chowk, Kasur",23
PUNJAB,kasur,"Private Hospital","Govt Aziz Bibi Tehsil Headquarter Hospital","Roshau Bheela, Kasur",40
PUNJAB,kasur,"Private Hospital","Hussian Eye Clinic","Hallah Road Pattoki, Kasur",8
PUNJAB,kasur,"Private Hospital","Iqbal Hospital Kasur","Old Bus Stand MA Jinnah Road, Kasur",23
PUNJAB,kasur,"Private Hospital","Kasur City Hospital","Main Ferozpur Road Near Kali Pur Ali Park, Kasur",33
PUNJAB,kasur,"Private Hospital","Lahore Laser Eye Clinic","Multan Road Pattoki Shadman Colony, Kasur",0
PUNJAB,kasur,"Private Hospital","MADINA HOSPITAL AND MATERNITY HOME","FAISAL COLONY GHALLA MANDI ROAD PATOOKI KASUR.",30
PUNJAB,kasur,"Private Hospital","NOOR HOSPITAL KASUR","KOT RADHA KASHAN KASUR",31
PUNJAB,kasur,"Private Hospital","PAK RED CRESENT TEACHING HOSPITAL","48KM MULTAN ROAD DINA NATH KASUR",499
PUNJAB,kasur,"Private Hospital","Sufi Amanat Ali Surgical Hospital","180, Gulshan-e-Subhan Phase-1, Pattoki, Kasur",18
PUNJAB,kasur,"Private Hospital","THQ Hospital kASUR","Chunia Kasur",40
PUNJAB,kasur,"Public Hospital","THQ Hospital, Pattoki Kasur","Opp. Govt. Boys Degree College, Pattoki, Kasur",56
PUNJAB,kasur,"Public Hospital","THQ Kot Radha Kishan","Kot Radha Kishan, Kasur",56
PUNJAB,khanewal,"Private Hospital"," NOUREEN NISHAT HOSPITAL",KHANEWAL,45
PUNJAB,khanewal,"Private Hospital"," SAEED MEDICARE"," TALAMBA ROAD, TEH. MIAN CHANNU, DISTT. KHANEWAL",29
PUNJAB,khanewal,"Private Hospital"," SAMEEN ZAFAR MEDICAL CENTRE","OPP. CIVIL HOSPITAL, MULTAN ROAD, TEH. KABIR WALA",17
PUNJAB,khanewal,"Private Hospital","Al Manzoor Surgical Hospital","Talamba Road, Mian Channu	Khanewal",96
PUNJAB,khanewal,"Public Hospital","District head Quarter Hospital Khanewal","Old Lodhran Road, Khnewal",238
PUNJAB,khanewal,"Private Hospital","IQBAL MEMORIAL HOSPITAL KHANEWAL","RAILWAY ROAD MAKHDOOMPUR, KHANEWAL",16
PUNJAB,khanewal,"Private Hospital","JANNAT MEDICARE","NEAR DHQ HOSPITAL KHANEWAL",15
PUNJAB,khanewal,"Private Hospital","Laser Eye Welfare Hospital khanewal","Mian Channu Tulamba road,",25
PUNJAB,khanewal,"Private Hospital","THQ Mian Channu","G.T Road, Mian Channu district Khanewal",70
PUNJAB,khanewal,"Public Hospital","Tehsil Head Quarter Hospital Jahanian","Tehsil Head Quarter Hospital Jahanian",42
PUNJAB,khanewal,"Public Hospital","Tehsil Headquarter Civil Hospital, Kabirwala","Multan Road Kabirwala, District Khanewal",60
PUNJAB,khanewal,"Private Hospital","Warriach Hospital","Boys High School Road, Abdul Hakeem",15
PUNJAB,khushab,"Private Hospital","AL NOOR HOSPITAL JOHARABAD",KHUSHAB,38
PUNJAB,khushab,"Public Hospital","BHATTI HOSPITAL",KHUSHAB,49
PUNJAB,khushab,"Private Hospital","Majeed Medical Complex","29-A, Civil Line Near Warraich Ultrasound Clinic, Johrabad, Khushab",10
PUNJAB,khushab,"Private Hospital","NIAZI MEDICAL COMPLEX",QUAIDABAD,15
PUNJAB,khushab,"Private Hospital","QAISAR GENERAL HOSPITAL NOOR PUR THAL",KHUSHAB,15
PUNJAB,khushab,"Private Hospital","RANA MEDICAL COMPLEX",JOHARABAD,35
PUNJAB,lahore,"Private Hospital","ACME Medical Centre","97-J, Gulberg III, Lhaore",26
PUNJAB,lahore,"Private Hospital","AKHTAR SAEED TRUST HOSPITAL","EME SOCIETY DHA , SECTOR MULTAN ROAD LAHORE",299
PUNJAB,lahore,"Private Hospital","AL KHIDMAT TEACHING MANSOORAH HOSPITAL","Multan Chungi, Multan Road, Lahore",180
PUNJAB,lahore,"Private Hospital","ARIF MEMORIAL HOSPITAL","35-KM FEROZPUR ROAD, LAHORE	",565
PUNJAB,lahore,"Private Hospital","ASGHARI BEGUM PVT LIMITED HAMEED LATIF HOSP","14-Abu Bakar Block, New garden Town, Lahore.",360
PUNJAB,lahore,"Private Hospital","AVICENNA HOSPITAL","PHASE - IX, DHA, BEDIAN ROAD, LAHORE.",572
PUNJAB,lahore,"Private Hospital","Aadil HOSPITAL","Main Boulevard DHA, Lahore",150
PUNJAB,lahore,"Private Hospital","Akram Medical Complex lahore","2-B Main Gulberg Ayesha Saddiqua Road, District Lahore",50
PUNJAB,lahore,"Private Hospital","Al Ehsan Welfare Eye Hospital","Shalamar Link Road, Moghalpura, Lahore",60
PUNJAB,lahore,"Private Hospital","Al Fazal Children Hospital","Near Goal Chakkar Nankana Sahib",30
PUNJAB,lahore,"Private Hospital","Al Razi Healthcare (Pvt.) Ltd","2-CII M.M Alam Road, Gulberg III, Lahore",17
PUNJAB,lahore,"Private Hospital","Ali Fatima Hospital  Lahore","Bhobtian Chowk, Raiwind Road, Lahore",510
PUNJAB,lahore,"Private Hospital","Ali Hospital Lahore","Shalamar Link Road, Lahore",10
PUNJAB,lahore,"Private Hospital","Ayesha Hospital","E-309 Nishtar Colony Lahore Cantt",33
PUNJAB,lahore,"Private Hospital","BAHRIA INTERNATIONAL HOSPITAL MOHLANWAL","TAKBEER BLOCK, SECTOR - B, BAHRIA TOWN LAHORE",45
PUNJAB,lahore,"Private Hospital","BAHRIA ORCHARD HOSPITAL LAHORE","RAIWIND ROAD LAHORE.",47
PUNJAB,lahore,"Private Hospital","CENTRAL PARK TEACHING HOSPITAL","31-KM KAHNA NAU FEROZPUR ROAD LAHORE",464
PUNJAB,lahore,"Private Hospital","CH. M. AKRAM TEACHING AND RESEARCH HOSPITAL"," 17 KM MAIN RAIWIND ROAD(ARAIYAAN PIND)LAHORE	",380
PUNJAB,lahore,"Private Hospital","Calvary Hospital Lahore","44-45 Commercial Calvary grammer extension, Lahore",27
PUNJAB,lahore,"Private Hospital","Ch. Rahmat Ali Memorial Trust Hospital","45-Civic Center, Dr. Wasti Chowk, Township, Lahore",53
PUNJAB,lahore,"Private Hospital","Doctor Hospital & Medical Centre","152-G/1, Canal Bank, Johar Town, Lahore",250
PUNJAB,lahore,"Private Hospital","Ever Care Hospital lahore","D1 Commercial, NECHS Lahore",240
PUNJAB,lahore,"Private Hospital","FAMILY HOSPITAL","4-Mozang Road, Lahore",54
PUNJAB,lahore,"Private Hospital","FARAN HOSPITAL","Abdali Road, Islampura, Lahore",60
PUNJAB,lahore,"Private Hospital","FAROOQ HOSPITAL","262-263 WEST WOOD COLONY, CANAL ROAD",199
PUNJAB,lahore,"Private Hospital","FAROOQ HOSPITAL IQBAL TOWN LOAHORE","2-3 Asif Block Allama Iqbal Town, Lahore",112
PUNJAB,lahore,"Private Hospital","FATIMA MEMORIAL HOSPITAL LAHORE","SHADMAN ROADLAHORE",452
PUNJAB,lahore,"Private Hospital","Faizan Hospital Surgical & Medical Centre","Railway Road Raiwind Near Tablighi Markaz, Lahore",10
PUNJAB,lahore,"Private Hospital","Faizan Hospital Surgical & Medical Centre Lahore","Railway Road Raiwind Near Tablighi Markaz, Lahore",10
PUNJAB,lahore,"Private Hospital","Furqan Hospital LAHORE","Sau Gajju Matta, Ferozpur Road, Lahore",32
PUNJAB,lahore,"Public Hospital","Government Shahdara Hospital","Village Shahdara Town, Lahore",20
PUNJAB,lahore,"Public Hospital","Govt teaching Hospital Shahdara","6-Km, G.T Road, Shahdara, Lahore",300
PUNJAB,lahore,"Public Hospital","Govt. Hospital Ghaziabad, Lahore","Ghaziabad, Aziz Bhatti Town Lahore.",19
PUNJAB,lahore,"Public Hospital","Govt. Kot Khawaja Saeed Teaching Hospital","Scheme #2, Kot Khawaja Saeed, Lahore",154
PUNJAB,lahore,"Public Hospital","Govt. Mian Meer Hospital","Opp Mian Meer Darbar, Lahore",130
PUNJAB,lahore,"Public Hospital","Govt. Mian Munshi DHQ Teaching Hospital","Bund Road, Lahore",166
PUNJAB,lahore,"Public Hospital","Govt. Mozang Hospital","Temple Road, Lahore",45
PUNJAB,lahore,"Public Hospital","Govt. Muhammad Nawaz Sharif Teaching Hospital","Yakki Gate, Lahore",195
PUNJAB,lahore,"Public Hospital","Govt. Said Mitha Teaching Hospital","Said Mitha Bazar, Lahore",100
PUNJAB,lahore,"Private Hospital","Gulab Devi Hospital","Ferozepur Rd, Nishtar Town, Lahore",1499
PUNJAB,lahore,"Private Hospital","HAYAT MEMORIAL HOSPITAL LAHORE","1-Km, off Bhobtian Chowk, Defence Road, Lahore",594
PUNJAB,lahore,"Private Hospital","Hameed Latif Hospital","3/2 Zafarullah Khan Road Misri Shah Lahore",28
PUNJAB,lahore,"Private Hospital","Hameedah Memorial Hospital","D-Block Valencia Housing Society, Lahore",27
PUNJAB,lahore,"Private Hospital","Hamza Hospital","21 Shama Road, Rasool Park, Ichra Lahore",31
PUNJAB,lahore,"Private Hospital","Health City Hospital","92-H-1, Wapda Town Lahore",47
PUNJAB,lahore,"Private Hospital","Health City Hospital Lahore","92-H-1, Wapda Town Lahore",25
PUNJAB,lahore,"Private Hospital","Horizon Hospital","403,04,36 Block D-II M.A Johar Town, Lahore",55
PUNJAB,lahore,"Private Hospital","Hussain Memorial Hospital","105-Multan Road Lahore",34
PUNJAB,lahore,"Private Hospital","INSTITUTE OF NUCLEAR MEDICINE and ONCOLOGY LAHORE","KHYABAN E JAMIA PUNJAB, BLOCK D MUSLIM TOWN, LAHOR",20
PUNJAB,lahore,"Private Hospital","Ibrahim Eye Center Lahore","Shamke Bhattian, 34-KM Multan Road, Lahore",0
PUNJAB,lahore,"Private Hospital","Iffat Anwar Medical Complex","Ghazi Chowk Township, Lhaore",78
PUNJAB,lahore,"Private Hospital","Ihsan Mumtaz Hospital","71-E, Johar Town Lahore",132
PUNJAB,lahore,"Private Hospital","Jinnah Burn & Reconstructive Surgery Centre","Allama Iqbal Medical College, Maulana Shaukat Ali Road, Lahore",96
PUNJAB,lahore,"Public Hospital","Jinnah Hospital Lahore","Usmani Rd, Quaid-i-Azam Campus, Lahore",1587
PUNJAB,lahore,"Private Hospital","KISHWAR SULTANA HOSPITAL","Butt Chowk, College Road, PSO Town Ship, Lahore",46
PUNJAB,lahore,"Private Hospital","Khawaja Hospital LAHORE","24-Km Main Ferozpur Road Kahna Nau Lahore",37
PUNJAB,lahore,"Private Hospital","LAHORE CARE HOSPITAL","E-387/2, GHAZI ROAD STOP MAIN FEROZPUR ROAD, LAHORE",100
PUNJAB,lahore,"Private Hospital","LAHORE GENERAL HOSPITAL (PINS)","FEROZPUR ROAD, NEAR CHUNGI, AMAR SIDHO ISMAIL NAGAR, LAHORE",1340
PUNJAB,lahore,"Private Hospital","LIFE CARE HOSPITAL LAHORE","CANAL ROAD, NEAR MAIN GATE BAHRIA TOWN, LAHORE",103
PUNJAB,lahore,"Public Hospital","Lady Aitchison Hospital","Mayo Hospital Road, Lahore",200
PUNJAB,lahore,"Public Hospital","Lady Willingdon Hospital","Ravi Road, Azadi Chowk, Lahore",239
PUNJAB,lahore,"Private Hospital","Lahore Medical City","2.Tariq Block, New Garden Town, Lahore",57
PUNJAB,lahore,"Private Hospital","Latif Hospital","408, E Block, Johar Town, Lahore",54
PUNJAB,lahore,"Private Hospital","Life Line Hospital","462-463 G-III, MA Johar Town, Lahore",45
PUNJAB,lahore,"Private Hospital","MSK Dialysis & Medical Complex","387-E, Near Allah Hoo Chowk, Johar Town, Lahore",20
PUNJAB,lahore,"Public Hospital","Manawan Hospital Lahore","G.T Road Wagha Town, Lahore",100
PUNJAB,lahore,"Private Hospital","Masood Hospital","99, Garden Block, Garden Town, Lahore.",78
PUNJAB,lahore,"Private Hospital","Masood Hospital lahore","99 Garden Block Garden Town Lahore`",73
PUNJAB,lahore,"Public Hospital","Mayo Hospital","Nisbat Road, Lahore",2484
PUNJAB,lahore,"Private Hospital","Mufaza tul Hayat Hospital","3 km Defense Road (Chand Rai) Chungi Amer Sidhu Ferozpur Road, Lahore",54
PUNJAB,lahore,"Private Hospital","Mukhtaran Rafi Welfare Hospital","146 Saeed BlockCanal Scheme Fateh Garh, Lahore",30
PUNJAB,lahore,"Private Hospital","Mukhtiar Munir Hospital lahore","993-H Block, Sabzazar Scheme, Multan Road, Lahore",34
PUNJAB,lahore,"Private Hospital","Mumtaz Bakhtawar Memorial Trust Hospital","8-Km Raiwind Road, Lahore",100
PUNJAB,lahore,"Private Hospital","Mumtaz Bakhtawar Memorial Trust Hospital lahore","Wahdat Road Opposite Karim Block Allama Iqbal Town, Lahore",84
PUNJAB,lahore,"Private Hospital","NASEER HOSPITAL LAHORE","16 Canal Rd, Ahmed Block Garden Town, Lahore",28
PUNJAB,lahore,"Private Hospital","NOOR HOSPITAL LAHORE","18-M Ferozpur Road Opposite Descon Head Office, Lahore",37
PUNJAB,lahore,"Private Hospital","Naseem Ijaz Memorial Hospital","Near Avian Chowk NBP Colony Nadeem Shaheed Road Allama Iqbal Town, Lahore",27
PUNJAB,lahore,"Private Hospital","National Hospital & Medical Center","132/3 L Block Near Sports Stadium DHA, Lahore",254
PUNJAB,lahore,"Private Hospital","Noble Hospital","Main Sultan Ahmad Road, Rehmanpura Ichra, Lahore",25
PUNJAB,lahore,"Private Hospital","Noble Hospital lahore","Main Sultan Ahmad Road, Rehmanpura Ichra Lahore",36
PUNJAB,lahore,"Private Hospital","ORTHOPEDIC MEDICAL COMPLEX","JAIL ROAD LAHORE	",56
PUNJAB,lahore,"Private Hospital","Omar Hospital","5 Shadman II, Jail Road, Lahore",107
PUNJAB,lahore,"Public Hospital","PUNJAB INSTITUTE OF CARDIOLOGY","JAIL ROAD LAHORE",100
PUNJAB,lahore,"Private Hospital","Pakistan Kidney And Liver Institute & Research Center LAHORE","Adjacent Knowledge Park, DHA Phase VI, Lahore",100
PUNJAB,lahore,"Public Hospital","Punjab Institute Of Mental Health","Shadman, Jail Road, Lahore",1510
PUNJAB,lahore,"Private Hospital","Punjab Institute of Neurosciences Lahore","Ferozepur Rd, Ismail Nagar, Lahore",486
PUNJAB,lahore,"Private Hospital","Punjab Rangers Taching Hospital  lahore","33 Ghazi road Lahore.",382
PUNJAB,lahore,"Private Hospital","RASHEED HOSPITAL NEW GARDEN TOWN","NEW GARDEN TOWN, LAHORE",50
PUNJAB,lahore,"Private Hospital","Rabbani Hospital","20-West Wood Colony Thokar Baiz Baig, Lahore",37
PUNJAB,lahore,"Public Hospital","Raiwind Hospital Lahore","Mission Colony Kot Radha Kishan Road Raiwind, Lahore",75
PUNJAB,lahore,"Private Hospital","Ramzan Ali Syed Memorial Hospital","21. Temple Road, Lahore",54
PUNJAB,lahore,"Public Hospital","Rana Abdul Raheem Memorial Hospital Sodiwal","Rana Abdul Raheem Memorial Hospital, Sodiwal",19
PUNJAB,lahore,"Private Hospital","SHARIF MEDICAL CITY HOSPITAL LAHORE","JATTI UMRA ADDA PLOT RAIWIND ROAD LAHORE",345
PUNJAB,lahore,"Private Hospital","SURGIMED HOSPITAL","1- ZAFAR ALI ROAD, LAHORE",150
PUNJAB,lahore,"Private Hospital","Saadan Hospital","391-E Block, Main Boulevard Johar Town, Lahore1",20
PUNJAB,lahore,"Private Hospital","Saira Miraj Memorial Hospital","Miraj Park Begum Kot Shahdara, Lahore",46
PUNJAB,lahore,"Public Hospital","Services Hospital","Ghous-ul Azam (Jail Road), Lahore",1591
PUNJAB,lahore,"Private Hospital","Shaikh Zayed Hospital","New Muslim Town, Lahore",1030
PUNJAB,lahore,"Public Hospital","Shalamar Hospital","Shalimar Link Road, Mughalpura, Lahore",435
PUNJAB,lahore,"Private Hospital","Sharif Hospital","Bhangali Burki Road, Lahore",28
PUNJAB,lahore,"Private Hospital","Sir ganga Ram Hospital","Queens Road Shahra-e-Fatima Jinnah, Lahore",926
PUNJAB,lahore,"Private Hospital","Surayya Azeem Hospita","Chowk Chauburji، Bahawalpur Rd, Mozang Chungi, Lahore",270
PUNJAB,lahore,"Private Hospital","Tahir Hospital LAHORE","LDA Avenue 1, Public Health Society Plot 91",30
PUNJAB,lahore,"Public Hospital","Tehsil Headquarter Hospital Sabzazar","Near Liaqat Chowk Sabzazar, District Lahore",100
PUNJAB,lahore,"Public Hospital","Tehsil Headquarter Hospital, Kahna Nau","Kahna Nau, District Lahore",100
PUNJAB,lahore,"Public Hospital","The Children's Hospital & Institute of Child Health","Ferozpur Road, Lahore",1191
PUNJAB,lahore,"Private Hospital","The Pakistan Society for the Rehabilitation of the Disabled","111-Ferozepur Road, Lahore",100
PUNJAB,lahore,"Private Hospital","UNIVERSITY OF LAHORE TEACHING HOSPITAL","1-Km Defence Road Off Raiwand Road Bhobtian Chowk, Lahore",460
PUNJAB,lahore,"Private Hospital","Wazir Hospital","300-I-C1, Township, Lahore",42
PUNJAB,lahore,"Private Hospital","Zahida Welfare Hospital","Shalamar Link Road, Lahore",50
PUNJAB,lahore,"Private Hospital","Zia Hospital And Maternity Complex","Ferozpur Road, Lahore",47
PUNJAB,leiah,"Private Hospital","AASIA IQBAL HOSPITAL AND TRAUMA CENTRE","FATEH PUR LAYYAH",40
PUNJAB,leiah,"Private Hospital","AL HUSSAIN SURGICAL HOSPITAL","KOT SULTAN LAYYAH",30
PUNJAB,leiah,"Private Hospital","AL MUSTAFA SURGICAL HOSPITAL","CHOWK AZAM LAYYAH",33
PUNJAB,leiah,"Private Hospital","AL NOOR EYE HOSPITAL","FATEH POOR ROAD CHOWK AZAM LAYYAH.",9
PUNJAB,leiah,"Private Hospital","ANWAR EYE CARE CLINIC","LINK ROAD, NEAR DHQ HOSPITAL LAYYAH",4
PUNJAB,leiah,"Private Hospital","Al Junaid Medicare","Faisalabad Road Chowk Azam Layyah",20
PUNJAB,leiah,"Public Hospital","District Head Quarter Hospital Layyah","College Road Layyah.",189
PUNJAB,leiah,"Private Hospital","Khawaja Fareed Hospital","Eid Gah Road Layyah",36
PUNJAB,leiah,"Private Hospital","LAYYAH CARDIAC CENTER and GENERAL HOSPITAL","Ahmad City Near Baloch Terminal, Layyah",22
PUNJAB,leiah,"Private Hospital","QADIR ALI HOSPITAL","KUTCHERY ROAD, LAYYAH",53
PUNJAB,leiah,"Private Hospital","SIRATI HOSPITAL","SIRATI HOSPITAL LAYYAH",50
PUNJAB,leiah,"Public Hospital","THQ Hospital Kror lal Esan","THQ Hospital Kror Lal Esan, Fateh Pur Road, Kror, Layyah",76
PUNJAB,leiah,"Public Hospital","THQ Thal Mian Nawaz Sharif Hospital","Opp. Government Model high school boys Layyah",50
PUNJAB,leiah,"Public Hospital","THQ level Hospital and Trauma Centre Fateh Pur","THQ Level Hospital and Trauma Centre, M.M Road Fateh Pur, district Layyah",60
PUNJAB,leiah,"Public Hospital","Tehsil Head Quarter Hospital Chaubara","THQ Hospital Chaubara, Jhang Road, Chaubara City Layyah",40
PUNJAB,leiah,"Private Hospital","Zeenat Surgical Hospital","Chowk Azam Road, Layyah",28
PUNJAB,lodhran,"Private Hospital","ALI GENERAL HOSPITAL",LODHRAN,24
PUNJAB,lodhran,"Private Hospital","CITY HOSPITAL AND SURGICAL CENTRE","KEHROR PAKA LODHRAN",36
PUNJAB,lodhran,"Private Hospital","Fareeha Umar Hospital Lodhran","Near Old DHQ, Lodhran",100
PUNJAB,lodhran,"Private Hospital","LUQMAN HOSPITAL",LODHRAN,27
PUNJAB,lodhran,"Private Hospital","Millat Orthopedic Hospital and Trauma Centre Lodhran","Chak 100-M, Bahawalpur Road, Lodhran",50
PUNJAB,lodhran,"Private Hospital","SHAHIDA ISLAM MEDICAL COMPLEX",LODHRAN,510
PUNJAB,lodhran,"Private Hospital","YOUSUF CHILDREN HOSPITAL and MATERNITY HOME","NEAR KAHROR PAKA CHOWK, HIGH SCHOOL ROAD, DUNIYA POUR ROAD LODHRAN",42
PUNJAB,"mandi bahauddin","Private Hospital","BASHIR BEGUM SURGICAL AND GENERAL HOSPITAL","OPPOSITE GHAZALI BOYS COLLEGE SARGODHA ROAD PHALIA",47
PUNJAB,"mandi bahauddin","Private Hospital","KHOKHAR HOSPITAL MANDIBAHAUDIN","Kutchery Road, Mandi Bahauddin",27
PUNJAB,"mandi bahauddin","Private Hospital","SHAHZAIB SURGICAL AND GENERAL HOSPITAL","GUJRAT ROAD PHALIA",27
PUNJAB,"mandi bahauddin","Private Hospital","ZAFAR SURGICAL HOSPITAL","NEW LARRI ADDA, MALIK WALI",26
PUNJAB,mianwali,"Private Hospital","AL SHIFA HOSPITAL","NEAR AHMAD RASOOL PETROL PUMP BANNU ROAD ISAKHEL MIANWALI",28
PUNJAB,mianwali,"Private Hospital","City Medical Complex","Opp. Govt. Boys High School, Mianwali",23
PUNJAB,mianwali,"Private Hospital","DOCTOR EYE CLINIC","GHOUSE AZAM ROAD, NEAR CENTRAL JAIL MIANWALI",3
PUNJAB,mianwali,"Public Hospital","IMRAN MEMORIAL HOSPITAL","LIAQUATABAD PIPLAN MIANWALI",17
PUNJAB,mianwali,"Private Hospital","MIANWALI HOSPITAL COMPLEX","BALLO, KHEL ROAD, MIANWALI",36
PUNJAB,mianwali,"Private Hospital","OBAID NOOR HOSPITAL",MIANWALI,99
PUNJAB,mianwali,"Private Hospital","REHMAN LAPROSCOPY HOSPITAL","GULBERG CHOWK MIANWALI",57
PUNJAB,multan,"Private Hospital","AFZAL MEDICARE HOSPITAL","TEHSILDAR MOR HARDAN TOWN MULTAN",53
PUNJAB,multan,"Private Hospital","AL KHALIQ PATIENTS CARE","NISHTAR ROAD, MULTAN",34
PUNJAB,multan,"Private Hospital","ALI GENERAL HOSPITAL MULTAN",MULTAN,70
PUNJAB,multan,"Private Hospital","ASHRAF NASEER MEDICAL CENTER","283-E 100 FOOTI CHOWK SHAH RUKN E ALAM COLONY",24
PUNJAB,multan,"Private Hospital","AZIZ HOSPITAL",MULTAN,31
PUNJAB,multan,"Private Hospital","Al-Rehman Surgical Hospital","Bukhani Plaza Multan Road Shujaba",68
PUNJAB,multan,"Private Hospital","BAKHTAWAR AMIN HOSPITAL","NORTHERN BYPASS, MATI TAL ROAD, MULTAN",651
PUNJAB,multan,"Public Hospital","CH PERVAIZ ELAHI INSTITUTE OF CARDIOLOGY",MULTAN,274
PUNJAB,multan,"Private Hospital","IBN-E-SINA HOSPITAL and RESEARCH INSTITUTE","MMDC Southern Bypass Mauza Jahangir Abad, Multan",568
PUNJAB,multan,"Private Hospital","Khurshid Rafique Hospital","Khanewal Road, Multan.",101
PUNJAB,multan,"Private Hospital","Mukhtiar A Sheikh Memorial Welfare Hospital","Khanewal road near Pak Arab Fertilizers",189
PUNJAB,multan,"Private Hospital","Multan Institute Of Nuclear Medicine And Radiology","Nishtar Hospital, Lalazar Colony, Multan",50
PUNJAB,multan,"Private Hospital","Multan Surgical Hospital","Post Office Budha Saint",23
PUNJAB,multan,"Private Hospital","SHAHZAD SURGICAL HOSPITAL","ADA BAN BOSAN MULTAN",29
PUNJAB,multan,"Public Hospital","SOUTH PUNJAB CHEST CLINIC",MULTAN,47
PUNJAB,multan,"Private Hospital","Waheeda Khanum Cancer and General Hospital","9-C, Shamasabad Colony, Near Eid Gah Chowk",43
PUNJAB,muzaffargarh,"Private Hospital","AZIZ HOSPITAL JATOI","Civil hospital Chowk jatoi",34
PUNJAB,muzaffargarh,"Private Hospital","Al Quresh Hospital","Near Pull Sohrab Nala Jalo",30
PUNJAB,muzaffargarh,"Private Hospital","Allah Daad Hospital","Allah Daad Hospital Near Faizan e Madina Kot Adu",23
PUNJAB,muzaffargarh,"Private Hospital","Asif Rafiq Hospital","G.T Road Rohilanwali",26
PUNJAB,muzaffargarh,"Private Hospital","CITY MEDICAL AND SURGICAL COMPLEX JATOI","OPP. TMA OFFICE, JATOI, MUZAFFARGARH",34
PUNJAB,muzaffargarh,"Private Hospital","City Hospital Muzaffargarh","City Hospital Kalipur road near agha khan lab kot addu",30
PUNJAB,muzaffargarh,"Public Hospital","District Head Quarter Muzaffargarh","Ali Pur Road Muzaffargarh",431
PUNJAB,muzaffargarh,"Private Hospital","HASHMAT HAMEED MEDICAL COMPLEX","SANAWAN KOT ADDU MUZAFFARGARH",20
PUNJAB,muzaffargarh,"Private Hospital","HEALTH CARE HOSPITAL","KOT ADDU, MUZAFFARGARH",19
PUNJAB,muzaffargarh,"Private Hospital","KHAN HOSPITAL","ALI PUR, MUZAFFARGARH",12
PUNJAB,muzaffargarh,"Private Hospital","KHAN HOSPITAL KOT ADU","Near Wapda Off. Admore Pump, G.T Road, Kot Adu",30
PUNJAB,muzaffargarh,"Private Hospital","Khan Surgical Center Muzaffargarh","Khan Surgical Center opposite DHQ Hospital Muzaffargarh",39
PUNJAB,muzaffargarh,"Private Hospital","MALIK SURGICAL AND MEDICAL CENTRE",MUZAFFARGARH,15
PUNJAB,muzaffargarh,"Private Hospital","SHAN LATIF SURGICAL HOSPITAL","ROHILANWALI , MUZAFFARGARH",78
PUNJAB,muzaffargarh,"Public Hospital","THQ Level 50 Beded Hospital Chowk Sarwar Shaheed","Rang Pur Road, Chowk Sarwar Shaheed, Tehsil Kot Addu, District Muzafargarh",54
PUNJAB,muzaffargarh,"Public Hospital","Tehsil Head Quarter Ali Pur","THQ Hospital, Multan Road, Ali Pur district Muzafargarh",85
PUNJAB,muzaffargarh,"Public Hospital","Tehsil Head Quarter Hospital Jatoi","THQ Hospital Road, Jatoi City district Muzafargarh",74
PUNJAB,muzaffargarh,"Private Hospital","ZAINAB HOSPITAL","SHAH JAMAL MUZAFFARGARH",17
PUNJAB,muzaffargarh,"Private Hospital","Zainab Medical Complex","Zainab Medical Complex, College Chowk Ali pur, district Muzafargarh",19
PUNJAB,muzaffargarh,"Private Hospital","Zeeshan Hospital Chowk Sarwar Shaheed","Kot Addy Road Chowk Sarwar Shaheed Teh Kot Addu District Muzaffargarh",34
PUNJAB,"nankana sahib","Private Hospital","Abdul Saboor Eye Clinic","DHQ Hospital, Nankana Sahib",4
PUNJAB,"nankana sahib","Private Hospital","Al Fazal Children Hospital Nankana Sahib","Near Goal Chakkar Nankana Sahib",30
PUNJAB,"nankana sahib","Private Hospital","Al Fazal Children Hospital nankana","Near Goal Chakkar Nankana Sahib",35
PUNJAB,"nankana sahib","Private Hospital","DOCTORS HOSPITAL NANKANA SAHIB","Ward No.6, Iftikhar Colony, Near by Mehar Petrolpump, Shahkot",15
PUNJAB,"nankana sahib","Public Hospital","District Headquarter Hospital","Nankana Sahib",120
PUNJAB,"nankana sahib","Public Hospital","District Headquarter Hospital Nankana","Nankana Sahib",178
PUNJAB,"nankana sahib","Private Hospital","JAVED HOSPITAL","Jaranwala Road, More Khunda, Nankana",51
PUNJAB,"nankana sahib","Private Hospital","MUJAHID SURGICAL CLINIC","HOSPITAL ROAD NANKANA SAHIB",13
PUNJAB,"nankana sahib","Public Hospital","THQ Hospital","Sangla Hill Nankana Sahib",94
PUNJAB,"nankana sahib","Public Hospital","THQ Hospital Nankana","Shahkot, Nankana Sahib",94
PUNJAB,"nankana sahib","Public Hospital","THQ sangla hills","Sangla Hill Nankana Sahib",97
PUNJAB,"nankana sahib","Private Hospital","Umar Hospital","Housing Colony, Nankana Sahib",36
PUNJAB,"nankana sahib","Private Hospital","Umar Hospital Nankana Sahib","Housing Colony, Nankana Sahib",40
PUNJAB,"nankana sahib","Private Hospital","ZAHRA NAWAZ HOSPITAL","MUSLIM TOWN NEAR RAILWAY STATION SANGLA HILL",28
PUNJAB,narowal,"Private Hospital"," SHUKARDIN SURGICAL HOSPITAL","NEAR GOVT. ISLAMIA DEGREE COLLEGE FOR BOYS",29
PUNJAB,narowal,"Private Hospital"," ZOHRA SURGICAL AND CHILDREN HOSPITAL","NEAR TYHANA MORE, RAILWAY ROAD, SHAKARGARH",28
PUNJAB,narowal,"Private Hospital","AKRAM HOSPITAL","DEEN PUR ROAD,",30
PUNJAB,narowal,"Private Hospital","ALI HOSPITAL","CHAN PEER ROAD, NAROWAL.",16
PUNJAB,narowal,"Private Hospital","CH. SARWAR HOSPITAL","CHAN PEER ROAD, TEH AND DISTT NAROWAL",27
PUNJAB,narowal,"Private Hospital","HASSAN MEDICAL AND SURGICAL HOSPITAL","OPP GHAZALI SCHOOL, SHAKARGARH ROAD, ZAFARWAL",23
PUNJAB,narowal,"Private Hospital","SAFEENA HOSPITAL","MAIN CIRCULAR ROAD OPP DPO HOUSE NAROWAL",37
PUNJAB,narowal,"Private Hospital","SHAFIQ HOSPITAL","Chowk Zafarwal Bypass Narowal",24
PUNJAB,narowal,"Private Hospital","SUGHRA SHAFI MEDICAL COMPLEX","SAHARA FOR LIFE TRUST MURIDKE ROAD NAROWAL",589
PUNJAB,okara,"Private Hospital","ABDULLAH GENERAL HOSPITAL OKARA","55/2-L, GT Road, Okara",41
PUNJAB,okara,"Private Hospital","AL MADINA HOSPITAL AND MATERNITY HOME","CANAL ROAD HUSNAIN ARCADE, RENALA KHURD OKARA",18
PUNJAB,okara,"Private Hospital","AMNA ABDULLAH HOSPITAL","FAKHAR SHAH COLONY, KASOOR ROAD DIPALPUR OKARA",36
PUNJAB,okara,"Private Hospital","Deen Hospital Okara","By Pass Road in front of Shergarh Grammar Girls High School, Shergarh tehsil renala kurd, district okara",23
PUNJAB,okara,"Public Hospital","District Head Quarter Hospital (South City)","Depalpur Road, Okara",127
PUNJAB,okara,"Public Hospital","District Headquarter Hospital	Okara","Eid Gah Road, Okara",288
PUNJAB,okara,"Private Hospital","IHSAAN HOSPITAL AND MATERNITY HOME","POURANI MANDI ROAD GULSHAN ISHAAQ COLONY OKARA",20
PUNJAB,okara,"Private Hospital","Kausar Maternity Home Surgical Hospital","Model Town Depalpur Okara",18
PUNJAB,okara,"Private Hospital","Latif Clinic Okara","Dalyana Chowk Chunian Road Hujra Shah Muqeem, Okara",23
PUNJAB,okara,"Private Hospital","QARI HOSPITAL","GIRLS COLLEGE ROAD OKARA",30
PUNJAB,okara,"Private Hospital","SHARIF SURGIMED HOSPITAL","FAISALABAD ROAD, OKARA",42
PUNJAB,okara,"Private Hospital","SHAUKAT HOSPITAL","Govt. Colony Okara Road, Depalpur",30
PUNJAB,okara,"Private Hospital","Saeed Surgical Complex","Rehmat Ullah Town, Okara",25
PUNJAB,okara,"Private Hospital","Sohaib Surgical Hospital","25-Rehmat Ullah Town Ali Trust Hospital Road, Okara",18
PUNJAB,okara,"Private Hospital","Sultan Dialysis Center","Ghalla Godam Murgh Market, Okara",20
PUNJAB,okara,"Private Hospital","Umer Hospital and Maternity Home","7-no. Chungi Khalid Town, Okara",24
PUNJAB,okara,"Private Hospital","Umer Memorial Hospital","Church Road Okara",15
PUNJAB,pakpattan,"Private Hospital","ASALM SURGICAL HOSPITAL","NEAR PASSCO CENTER BUNGA HAYAT PAKPATTAN",20
PUNJAB,pakpattan,"Private Hospital","Ahmad Shah Hospital","Hospital Road, Pakpattan",20
PUNJAB,pakpattan,"Private Hospital","Ahmed Health Complex","Boys College Road, Arifwala, Pakpattan",30
PUNJAB,pakpattan,"Private Hospital","Al shifa Hospital Pakpattan","Mandi More Katchery Chowk Pakpattan",20
PUNJAB,pakpattan,"Private Hospital","CITY HOSPITAL PAKPATTAN","DHQ Hospital Road, Pakpattan",34
PUNJAB,pakpattan,"Public Hospital","District Headquarter Hospital	Pakpattan","Hospital Road, Pakpattan",130
PUNJAB,pakpattan,"Private Hospital","Dua Hospital","Chowk Marely Pakpattan",28
PUNJAB,pakpattan,"Private Hospital","FAYYAZ HOSPITAL","BUREWALA ROAD, PAKPATTAN",28
PUNJAB,pakpattan,"Private Hospital","GHULAM MUHAMMAD MEMORIAL HOSPITAL","COLLEGE ROAD, PAKPATTAN",29
PUNJAB,pakpattan,"Private Hospital","NOOR MUHAMMAD ORTHOPAEDIC AND MATERNITY","HOUSE NO 4, WUKLAA COLONY, ARIF WALA, PAKPATTAN",31
PUNJAB,pakpattan,"Private Hospital","Nasim Hospital","Chiragh Colony Katchery Road Pakpattan",11
PUNJAB,pakpattan,"Private Hospital","Sabir Hospital","Sabir Hospital Qaboula road arifwala",30
PUNJAB,pakpattan,"Private Hospital","Sakhi Surgical Clinic and Maternity Home","9-Gulshan Iqbal Colony Arifwala, Pakpattan",28
PUNJAB,pakpattan,"Private Hospital","Zahida Irshad Haziq Khan Hospital","opp. DHQ Hospital, Hospital Road pakpattan",17
PUNJAB,"rahim yar khan","Private Hospital"," MILLAT HOSPITAL","CLUB ROAD, TEH. SADIQABAD,",19
PUNJAB,"rahim yar khan","Private Hospital"," SAAD ABDULLAH SURGICAL HOSPITAL","6 / A-1 HOUSING SCHEME, TEH. LIAQAT PUR",21
PUNJAB,"rahim yar khan","Private Hospital","AL REHMAT MEDICAL COMPLEX"," NEAR CHOWK PATHANISTAN, SHAHBAZ PUR ROAD, RYK",39
PUNJAB,"rahim yar khan","Private Hospital","Al Khalid Hospital","Fatehpur Punjabian, Near Iqbalabad, Post Office Tajgarh",98
PUNJAB,"rahim yar khan","Private Hospital","Ali Haider Surgical and Nasira Mother Care Clinic","Taranda Saway Khan, Rahim Yar Khan",25
PUNJAB,"rahim yar khan","Private Hospital","FAISAL HOSPITAL RAHIM YAR KHAN","LINK ROAD, MODEL TOWN, TEH. KHANPUR, DISTT. RYK",47
PUNJAB,"rahim yar khan","Private Hospital","HAMZA MEDICARE","06-NEW OFFICER COLONY, TEHSIL RAHIM YAR KHAN",33
PUNJAB,"rahim yar khan","Private Hospital","HASSAN HOSPITAL","NEAR NEW SABZI MANDI, JAITH BHATTA ROAD, KHANPUR",63
PUNJAB,"rahim yar khan","Private Hospital","LALA MEDICAL COMPLEX RAHIM YAR KHAN","AIRPORT ROAD, TEHSIL AND DISTRICT RAHIM YAR KHAN",26
PUNJAB,"rahim yar khan","Private Hospital","RAZIA SURGICAL HOSPITAL SADIQABAD","ZOR KOT ROAD, CHONGI NO.10, SADIQABAD",25
PUNJAB,"rahim yar khan","Public Hospital","SH ZAYED MEDICAL COLLEGE AND HOSPITAL","RAHIM YAR KHAN",1033
PUNJAB,"rahim yar khan","Private Hospital","TAHIR GENERAL HOSPITAL","NOOR AFSHAN ROAD, FEROZA, TEH. LIAQAT PUR",30
PUNJAB,rajanpur,"Private Hospital","Athar Surgical Center","Kutchery road Rajanpur",19
PUNJAB,rajanpur,"Public Hospital","Civil Hospital Shah Wali","Shahwali, Rajanpur",40
PUNJAB,rajanpur,"Public Hospital","DHQ Hospital Rajanpur","Katchery Road Rajanpur",208
PUNJAB,rajanpur,"Private Hospital","Doctors Hospital Rajanpur","Dera Road Rajanpur",26
PUNJAB,rajanpur,"Private Hospital","FAIZA GENERAL HOSPITAL","CANAL ROAD RAJANPUR",27
PUNJAB,rajanpur,"Private Hospital","REHMAN HOSPITAL RAJANPUR","FAZILPUR RAJANPUR",35
PUNJAB,rajanpur,"Private Hospital","SAHAR HOSPITAL","CHOLI ROAD, JAMPUR, RAJANPUR.",18
PUNJAB,rajanpur,"Private Hospital","Syed Clinic Fazilpur","Hajipur Road Fazilpur",24
PUNJAB,rajanpur,"Public Hospital","Tehsil Head Quarter Hospital Jampur","THQ Hospital Jampur, Dera Ghazi Khan Road Jampur ditrict Rajanpur",80
PUNJAB,rajanpur,"Public Hospital","Tehsil Head Quarter Hospital Rojhan","THQ Hospital Rojhan, Near Kalma Chowk Rojhan district Rajanpur",52
PUNJAB,rawalpindi,"Private Hospital","ABBASI HOSPITAL","NEAR SUNNY BANK MURREE",25
PUNJAB,rawalpindi,"Private Hospital","AH and GR PVT LIMITED (BILAL HOSPITAL)","38-A SATELITE TOWN RAWALPINDI",64
PUNJAB,rawalpindi,"Private Hospital","AL SHAHBAZ MEDICAL COMPLEX HOSPITAL",KAHUTA,38
PUNJAB,rawalpindi,"Private Hospital","AL-KHIDMAT RAZI HOSPITAL SYED PUR","CHANDI CHOWK SYED PUR ROAD RAWALPINDI",125
PUNJAB,rawalpindi,"Private Hospital","AL-SYED HOSPITAL","AHATA FAROOQIA ROAD TAXILA",30
PUNJAB,rawalpindi,"Private Hospital","BAHRIA INTERNATIONAL HOSPITAL","BAHRIA TOWN, PHASE VIII, District Rawalpindi.",73
PUNJAB,rawalpindi,"Public Hospital","Benazir Bhutto Hospital Rawalpindi","Near Chandni Chowk، Murree Rd, Rawalpindi, 23000, Pakistan",750
PUNJAB,rawalpindi,"Private Hospital","Christian Hospital","Faisal Shahbbd Road Taxilla",262
PUNJAB,rawalpindi,"Public Hospital","District Head Quarter Hospital Rawalpindi","Raja Bazar Rawalpindi",300
PUNJAB,rawalpindi,"Private Hospital","FRIENDS WELFARE TRUST HOSPITAL","IJP Road, OPP Social Security Hospital, Rawalpindi",30
PUNJAB,rawalpindi,"Private Hospital","Farooq Hospital Main Express Way Bahria Golf City","Main Express Way adjacent Bahria Golf City",500
PUNJAB,rawalpindi,"Public Hospital","Holy Family Hospital Rawalpindi","Commercial Market Sattellite town Rawalpindi",250
PUNJAB,rawalpindi,"Private Hospital","Hussain Lakhani International Hospital","EX TMA Building Shopping Complex Opposite Gordon College, Liaquat Road",135
PUNJAB,rawalpindi,"Private Hospital","ISLAMIC INTERNATION MEDICAL COLLEGE TRUST","Pakistan Railways Hospital, Westeridge – III Rawalpindi",351
PUNJAB,rawalpindi,"Private Hospital","MEGA MEDICAL COMPLEX","POLICE STATION ROAD, NEAR AFIC, SADDAR",70
PUNJAB,rawalpindi,"Private Hospital","MINSA MEDICAL CENTER","NEAR KALI TANKI STOP, SAIDPUR ROAD",45
PUNJAB,rawalpindi,"Private Hospital","Margalla General Hospital","Main Pirwadhai Rd, Pirwadhai, Rawalpindi, Punjab",67
PUNJAB,rawalpindi,"Public Hospital","RAWALPINDI INSTITUTE OF CARDIOLOGY","MAIN RAWAL ROAD RAWALPINDI",274
PUNJAB,rawalpindi,"Public Hospital","RIUT Rawalpindi","RIUT Rawalpindi",400
PUNJAB,rawalpindi,"Private Hospital","SADAQAT INTERNATIONAL HOSPITAL KAHUTA","MATORE CHOWK KAHUTA RAWALPINDI",28
PUNJAB,rawalpindi,"Private Hospital","Tehsil Headquarter Hospital, Gujar Khan, Rawalpindi","Tehsil Headquarter Hospital, Gujar Khan, Rawalpindi",110
PUNJAB,rawalpindi,"Public Hospital","Tehsil Headquarter Hospital, Kahuta, Rawalpindi","Hospital Rd, Revenue Estate, Kahuta, Rawalpindi, Punjab 47330",60
PUNJAB,rawalpindi,"Public Hospital","Tehsil Headquarter Hospital, Kallar Syedan, Rawalpindi","C9C9+6FC, Kallar Syedan, Rawalpindi, Punjab, Pakistan",60
PUNJAB,rawalpindi,"Public Hospital","Tehsil Headquarter Hospital, Kotli Sattian, Rawalpindi","Kotli Sattian, Punjab, Pakistan",60
PUNJAB,rawalpindi,"Public Hospital","Tehsil Headquarter Hospital, Murree, Rawalpindi","Tehsil Headquarter Hospital, Murree, Rawalpindi",82
PUNJAB,rawalpindi,"Public Hospital","Tehsil Headquarter Hospital, Taxila, Rawalpindi","Tehsil Headquarter Hospital, Taxila, Rawalpindi",40
PUNJAB,rawalpindi,"Public Hospital","Wah General Hospital, Taxila, Rawalpindi","Sadat Colony, Wah, Rawalpindi, Punjab, Pakistan",100
PUNJAB,sahiwal,"Private Hospital","AL SHAFI HOSPITAL SAHIWAL","Near Income Tax Complex Opp. Sahiwal Club, Sahiwal",22
PUNJAB,sahiwal,"Private Hospital","Al Khidmat Hospital","26/A, Jamia Fareeda Road, Sahiwal",16
PUNJAB,sahiwal,"Public Hospital","Govt. Haji Abdul Qayyum Hospital","Near to Sadar Chowk, Sahiwal",166
PUNJAB,sahiwal,"Private Hospital","Haji Sharif Hospital","Iqbal Nagar Road, Adda 90-Mor, Chichawatni, Sahiwal",15
PUNJAB,sahiwal,"Private Hospital","IMTIAZ HOSPITAL AND MATERNITY HOME","CIVIL HOSPITAL ROAD, IN FRONT OF MALL MANDI, SAHIW",12
PUNJAB,sahiwal,"Private Hospital","Jinnah Medical Complex","Mission Chowk Sahiwal",14
PUNJAB,sahiwal,"Private Hospital","Khawar Bashir Hospital","Jinnah town Phase 1 Chichawatni Sahiwal",28
PUNJAB,sahiwal,"Private Hospital","Midcity Hospital","College Chowk Sahiwal",15
PUNJAB,sahiwal,"Private Hospital","RAHAT SURGICAL HOSPITAL","BEGUM SHAH NAWAZ ROAD, OIL MILL, CHICHAWATNI, SAHI",37
PUNJAB,sahiwal,"Private Hospital","SARWAR FOUNDATION RAI NAWAZ HOSPITAL","NEAR SUJI MILLS PULL, GT ROAD, CHICHA WATNI",78
PUNJAB,sahiwal,"Private Hospital","SHALIMAR HOSPITAL","SHALIMAR TOWN, MALAK BLOCK, HARAPPA CITY DIST. SAHIWAL",18
PUNJAB,sahiwal,"Public Hospital","Sahiwal Teaching Hospital","Near Shah Road, Sahiwal",460
PUNJAB,sahiwal,"Private Hospital","Shalimar Medical Complex","Shalimar Town, Harappa Station, Sahiwal",24
PUNJAB,sahiwal,"Private Hospital","Shamsi Clinic Eye","Sir Syed Road Sahiwal",4
PUNJAB,sargodha,"Private Hospital"," SIAL HOSPITAL","TEHSIL SAHIWAL, DISTRICT SARGODHA",22
PUNJAB,sargodha,"Private Hospital","ASHRAF MEDICAL HOSPITAL","0.5-KM QANCHI MORR LAHORE ROAD SARGODHA",100
PUNJAB,sargodha,"Private Hospital","CENTRAL HOSPITAL SARGODHA","110- Stadium Road, Sargodha",79
PUNJAB,sargodha,"Private Hospital","IFTIKHAR EYE CLINIC","LIAQUAT SHAHEED ROAD,  BHALWAL, SARGODHA",5
PUNJAB,sargodha,"Private Hospital","KHATAM UN NABIYEEN HEART CENTRE",SARGODHA,25
PUNJAB,sargodha,"Private Hospital","MUBARAK MEDICAL COMPLEX","705-A, SATELLITE TOWN TEH AND DISTT SARGODHA",135
PUNJAB,sargodha,"Private Hospital","MUNIR HOSPITAL SARGODHA","700-A, SATELLITE TOWN, TEH AND DISTT SARGODHA",18
PUNJAB,sargodha,"Private Hospital","NAVEED HOSPITAL","SULEMANPURA ROAD NEAR MARKAZI IMAM BARGAH SATELITE TOWN, BHALWAL, SARGODHA",28
PUNJAB,sargodha,"Private Hospital","NIAZI MEDICAL COMPLEX SARGODHA","103- CLUB ROAD SARGODHA",469
PUNJAB,sargodha,"Private Hospital","New Mehar Medical Centre","New Lari Ada Road, Sargodha",44
PUNJAB,sargodha,"Private Hospital","SADIQ HOSPITAL","24-A SATELLITE TOWN, TEH/DIST. SARGODHA",163
PUNJAB,sheikhupura,"Private Hospital","Al Rehman  (A.R) Hospital (PVT) Ltd Sheikhupura","Al Rehman Garden Phase II, Faizpur Interchange, Lahore",49
PUNJAB,sheikhupura,"Public Hospital","District Headquarter Hospital Sargodha Road, Sheikhupura","Sargodha Road, Sheikhupura",648
PUNJAB,sheikhupura,"Public Hospital","District Headquarter Hospital Sheikhupura","Sargodha Road, Sheikhupura",648
PUNJAB,sheikhupura,"Private Hospital","Eyeco Hospital Sheikhupura","Gujranwala Road, Kot Ranjeet Singh, Sheikhupura",3
PUNJAB,sheikhupura,"Private Hospital","FAROOQ POLY CLINIC","MAIN ROAD, SHARAQPUR SHARIF, SHEIKHUPURA",19
PUNJAB,sheikhupura,"Private Hospital","HAIDER HOSPITAL","G.T. ROAD MURIDKE, SHEIKHUPURA",39
PUNJAB,sheikhupura,"Private Hospital","KISHWAR FAZAL HOSPITAL","SHEIKHUPURA FAIZPUR INTERCHANGE FEROZWALA	",469
PUNJAB,sheikhupura,"Private Hospital","Lahore Laser Eye Center Sheikhupura","Bismillah Rana Plaza Main G.T Road, Ferozwala, Sheikhupura",1
PUNJAB,sheikhupura,"Private Hospital","Luqman Medical Center Sheikhupura","Doctor Street Near Dilwala Chowk, Sheikhupura",22
PUNJAB,sheikhupura,"Private Hospital","Mansoor Memorial Hospital Sheikhupura","Main Gulfishan Town, Kot Abdul Malik Interchange, Sheikhupura",29
PUNJAB,sheikhupura,"Private Hospital","Manzoor Surgical Hospital Shiekhupura","Mananwala, Shiekhupura",18
PUNJAB,sheikhupura,"Private Hospital","Sardar Bibi Hospital","Nabi Baksh Plaza, G.T Road, Ferozwala, Sheikhupura",35
PUNJAB,sheikhupura,"Public Hospital","THQ Hospital Sheikhupura","Muridke, Sheikhupura",154
PUNJAB,sheikhupura,"Public Hospital","Tehsil Headquarter Hospital, Ferozwala","Ferozwala, District Sheikhupura",60
PUNJAB,sheikhupura,"Public Hospital","Tehsil Headquarter Hospital, Safdarabad","Safdarabad, Sheikhupura",65
PUNJAB,sheikhupura,"Public Hospital","Tehsil Headquarter Hospital, Sharaqpur Sharif","Sharaqpur Sharif, District Sheikhupura",64
PUNJAB,sialkot,"Private Hospital","AL-NOOR HOSPITAL","NEAR LRBT HOSPITAL KLASWALA ROAD PASRUR SIALKOT",88
PUNJAB,sialkot,"Private Hospital","AMINA HOSPITAL","NEAR OVERHEAD BRIDGE, CANTT ROAD SIALKOT",32
PUNJAB,sialkot,"Private Hospital","IDREES HOSPITAL SIALKOT","21- ALLAMA IQBAL ROAD , SIALKOT CANTT SIALKOT",110
PUNJAB,sialkot,"Private Hospital","Imran Idrees Hospital (PVT) Limited","2KM Daska Road, Sialkot",300
PUNJAB,sialkot,"Public Hospital","Islam Teaching Hospital","7-Km Pasrur Road, Sialkot",263
PUNJAB,"toba tek singh","Private Hospital","AL BARKAT HOSPITAL","PANSERA ROAD, GOJRA TEHSIL, TOBA TEK SINGH",33
PUNJAB,"toba tek singh","Private Hospital","AL KAREEM ORTHOPEDIC and TRAUMA CENTER","HOUSING COLONY NEAR CLINIC DR. ASLAM 	",11
PUNJAB,"toba tek singh","Private Hospital","ATHWAL HOSPITAL","NIA LAHORE, MAIN JHANG ROAD, GOJRA TOBA TEK SINGH",18
PUNJAB,"toba tek singh","Private Hospital","Al Noor Eye Clinic Toba","Muhallah Mohbali Shah, Kamalia, Toba Tek Singh",11
PUNJAB,"toba tek singh","Private Hospital","Al-Sadiq Hospital","Chechawatni Road, Kamalia, Toba Tek Singh",34
PUNJAB,"toba tek singh","Private Hospital","MUNAWAR HOSPITAL","PANSARA TOBA TEK SINGH",17
PUNJAB,"toba tek singh","Private Hospital","SARWAR FOUNDATION HOSPITAL","TOBA ROAD, RAJANA, TOBA TEK SINGH",80
PUNJAB,vehari,"Private Hospital","Al Ameen Hospital","64 Civil Park Main road Burewala",29
PUNJAB,vehari,"Private Hospital","BUREWALA HOSPITAL AND SURGICAL COMPLEX","BUREWALA VEHARI",52
PUNJAB,vehari,"Private Hospital","EMAN SURGICAL HOSPITAL","BUREWALA VEHARI",21
PUNJAB,vehari,"Private Hospital","HANIF MEDICAL CENTER","CENTER 165-G BLOCK VEHARI",23
PUNJAB,vehari,"Private Hospital","KAMAL HOSPITAL",VEHARI,27
SINDH,hyderabad,"Private Hospital","ISRA UNIVERSITY HOSPITAL","HALA ROAD, P.O BOX NO. 313, HYDERABAD, SINDH",600
SINDH,karachi,"Private Hospital","ALKHIDMAT FAREEDA YAQOOB HOSPITAL","GULSHAN E HADEED KARACHI",50
SINDH,karachi,"Private Hospital","Creek General Hospital","Ibrahim Hiadery Korangi Creek near nasir jump",500
SINDH,karachi,"Public Hospital","DOW UNIVERSITY HOSPITAL","SUPARCO ROAD GULZAR-E-HIJRI KARACHI",491
SINDH,karachi,"Private Hospital","INFINITY EYE CARE CENTER KARACHI",KARACHI,20
SINDH,karachi,"Private Hospital","INSAAF MEDICAL CENTER","PB-25 SECT-3, Quetta Town Karachi",87
SINDH,karachi,"Public Hospital","KARACHI INST. OF RADIOTHERAPY AND NUCLEAR MEDICI","KIRAN HOSPITAL ROAD, GULZAR E HIJRI ROAD, SCH 3",
SINDH,karachi,"Private Hospital","MURSHID HOSPITAL AND HEALTH CARE CENTER","HUB RIVER ROAD MUJAHIDABAD MOUCH GOTH BALDIA TOWN KARACHI",212
SINDH,tharparkar,"Private Hospital","AL KHIDMAT HOSPITAL MITHI","ISLAM KOT ROAD MITHI",51
SINDH,tharparkar,"Private Hospital","ALI MURAD SHAH MEDICAL CENTRE","NEAR CIVIL HOSPITAL MITHI",24
SINDH,tharparkar,"Private Hospital","LOVE AND TRUST HOSPITAL","BEHIND STATE OIL PETROL PUMP, CHACHRO CITY",30
SINDH,tharparkar,"Private Hospital","MALEER MEDICAL CENTRE","ZAKRIA SHOPPING MARKET THAR BAZAR UMER KOT",15
SINDH,tharparkar,"Private Hospital","MEHRAN MEDICAL CENTER","THAR BAZAR, HAJI WALI SAMEJO MARKET, UMERKOT",18
SINDH,tharparkar,"Private Hospital","MUHAMMAD MEDICAL COLLEGE HOSPITAL","RATNA ABADD, HYDERABAD ROAD, MIR PUR KHAS",700
SINDH,tharparkar,"Private Hospital","NEEL KANTH MOTHER CARE HOSPITAL","NEAR GIRLS HIGH SCHOOL, MITHI",47
SINDH,tharparkar,"Private Hospital","SHAHAB WELFARE MEDICAL CENTER","HYDERABAD BY PASS ROAD, BADIN",18
